id;first_name;last_name;class_id
1;Tadeusz;Lewandowski;2
2;Zbigniew;Wójcik;3
3;Joanna;Kowalska;3
4;Mateusz;Zieliński;3
5;Jolanta;Sikorska;3
6;Dariusz;Kowalczyk;3
7;Marek;Szymański;2
8;Mikołaj;Olszewski;2
9;Jolanta;Nowakowska;3
10;Sebastian;Wieczorek;2
11;Aleksandra;Wieczorek;2
12;Wojciech;Jankowski;1
13;Monika;Nowicka;1
14;Katarzyna;Nowakowska;2
15;Maja;Lewandowska;2
16;Jerzy;Pawłowski;1
17;Robert;Mazur;1
18;Joanna;Kwiatkowska;3
19;Robert;Nowakowski;3
20;Małgorzata;Szymańska;2
21;Marek;Olszewski;1
22;Oliwia;Stępień;3
23;Joanna;Kwiatkowska;3
24;Janina;Zielińska;2
25;Łukasz;Dudek;3
26;Filip;Wieczorek;1
27;Łukasz;Krawczyk;2
28;Oliwia;Michalska;2
29;Jan;Zając;1
30;Patrycja;Malinowska;3
