id;first_name;last_name;class_id
1;Damian;Król;3
2;Natalia;Majewska;2
3;Wiktoria;Szymańska;1
4;Kacper;Kowalski;2
5;Marcin;Pawlak;3
6;Ewa;Woźniak;1
7;Wiktoria;Piotrowska;2
8;Kamil;Walczak;3
9;Patrycja;Kwiatkowska;3
10;Aleksandra;Bąk;2
11;Rafał;Kozłowski;2
12;Beata;Górska;2
13;Adam;Olszewski;3
14;Patryk;Dudek;2
15;Joanna;Stępień;1
16;Kacper;Zieliński;2
17;Helena;Wróblewska;1
18;Katarzyna;Pawłowska;3
19;Filip;Pawlak;2
20;Barbara;Chmielewska;1
21;Szymon;Olszewski;3
22;Ewa;Kaczmarek;3
23;Tadeusz;Wilk;2
24;Maria;Czarnecka;3
25;Michał;Nowak;2
26;Anna;Król;3
27;Tomasz;Kamiński;1
28;Irena;Zielińska;1
29;Natalia;Sadowska;1
30;Oliwia;Chmielewska;2
