id;first_name;last_name;class_id
1;Laura;Kwiatkowska;2
2;Elżbieta;Szymańska;1
3;Marcin;Jabłoński;2
4;Filip;Wieczorek;1
5;Teresa;Wiśniewska;2
6;Małgorzata;Wiśniewska;3
7;Tomasz;Zając;3
8;Jerzy;Michalski;3
9;Tadeusz;Pawłowski;1
10;Halina;Sawicka;3
11;Maja;Piotrowska;3
12;Beata;Michalska;1
13;Mateusz;Kowalczyk;1
14;Tomasz;Mazur;2
15;Teresa;Górska;1
16;Józef;Olszewski;3
17;Halina;Kamińska;2
18;Jan;Malinowski;1
19;Marta;Majewska;1
20;Patryk;Wieczorek;1
21;Adam;Piotrowski;3
22;Małgorzata;Sawicka;2
23;Zbigniew;Dudek;2
24;Małgorzata;Kowalska;2
25;Beata;Wróblewska;3
26;Zuzanna;Lewandowska;3
27;Beata;Jankowska;2
28;Łukasz;Michalski;1
29;Tadeusz;Wojciechowski;2
30;Tadeusz;Krawczyk;2
