id;first_name;last_name;class_id
1;Andrzej;Kozłowski;2
2;Stanisław;Wróbel;2
3;Filip;Jabłoński;1
4;Teresa;Sawicka;1
5;Adam;Piotrowski;3
6;Marcin;Wiśniewski;2
7;Damian;Kowalski;3
8;Ewa;Olszewska;1
9;Jerzy;Walczak;1
10;Sebastian;Grabowski;3
11;Katarzyna;Górska;2
12;Natalia;Sadowska;2
13;Natalia;Kozłowska;2
14;Jan;Dudek;2
15;Anna;Górska;1
16;Stanisław;Grabowski;1
17;Laura;Kozłowska;1
18;Wiktoria;Jankowska;1
19;Dariusz;Dudek;2
20;Monika;Czarnecka;3
21;Katarzyna;Jabłońska;3
22;Patryk;Wróbel;3
23;Beata;Sadowska;3
24;Halina;Kaczmarek;3
25;Monika;Stępień;2
26;Patrycja;Lis;2
27;Filip;Kowalczyk;3
28;Wojciech;Wróbel;1
29;Helena;Wójcik;2
30;Katarzyna;Nowakowska;3
