id;first_name;last_name;class_id
1;Łukasz;Wiśniewski;2
2;Stanisław;Król;1
3;Józef;Jaworski;2
4;Jacek;Lewandowski;2
5;Mikołaj;Dąbrowski;2
6;Janina;Lis;3
7;Marcin;Malinowski;3
8;Jacek;Wróbel;2
9;Janina;Pawłowska;2
10;Dariusz;Kozłowski;2
11;Tomasz;Wieczorek;1
12;Dorota;Szymańska;1
13;Helena;Malinowska;3
14;Mariusz;Grabowski;1
15;Agnieszka;Szymańska;3
16;Aleksandra;Chmielewska;1
17;Mateusz;Kwiatkowski;2
18;Magdalena;Nowicka;2
19;Zuzanna;Kwiatkowska;1
20;Sebastian;Olszewski;1
21;Jadwiga;Sadowska;1
22;Jan;Kowalski;1
23;Oliwia;Górska;1
24;Damian;Malinowski;1
25;Tadeusz;Jankowski;1
26;Marta;Szymańska;3
27;Magdalena;Michalska;3
28;Małgorzata;Stępień;3
29;Rafał;Jankowski;1
30;Irena;Kaczmarek;3
