id;first_name;last_name;class_id
1;Marta;Szymańska;2
2;Kamil;Sikora;2
3;Jacek;Wójcik;1
4;Jerzy;Wójcik;3
5;Maria;Sawicka;2
6;Zuzanna;Woźniak;3
7;Andrzej;Szymański;3
8;Damian;Wiśniewski;3
9;Damian;Zając;2
10;Elżbieta;Jankowska;2
11;Emilia;Jabłońska;2
12;Emilia;Dąbrowska;2
13;Halina;Wiśniewska;1
14;Agnieszka;Wieczorek;3
15;Agnieszka;Sikorska;2
16;Zofia;Nowicka;2
17;Laura;Olszewska;1
18;Janina;Nowakowska;1
19;Józef;Michalski;3
20;Damian;Pawłowski;3
21;Elżbieta;Wieczorek;2
22;Ewa;Majewska;2
23;Barbara;Sikorska;1
24;Wojciech;Wójcik;2
25;Józef;Stępień;3
26;Julia;Nowakowska;3
27;Małgorzata;Malinowska;2
28;Mikołaj;Dąbrowski;1
29;Kacper;Zając;2
30;Marek;Zieliński;2
