id;first_name;last_name;class_id
1;Małgorzata;Wójcik;1
2;Teresa;Michalska;1
3;Magdalena;Jankowska;3
4;Aleksandra;Jankowska;3
5;Józef;Adamczyk;2
6;Adam;Mazur;1
7;Agnieszka;Jabłońska;1
8;Janina;Malinowska;2
9;Mateusz;Szymański;1
10;Natalia;Kowalska;3
11;Piotr;Wójcik;2
12;Patryk;Dąbrowski;1
13;Łukasz;Szymański;2
14;Maja;Kozłowska;3
15;Teresa;Król;1
16;Jacek;Malinowski;2
17;Laura;Grabowska;3
18;Maria;Kowalska;2
19;Dorota;Adamczyk;2
20;Łukasz;Kwiatkowski;3
21;Katarzyna;Jabłońska;2
22;Amelia;Sawicka;3
23;Krzysztof;Wieczorek;2
24;Maria;Kwiatkowska;3
25;Mariusz;Grabowski;2
26;Aleksandra;Jankowska;1
27;Sebastian;Wróbel;2
28;Marcin;Michalski;1
29;Józef;Sikora;2
30;Marcin;Nowakowski;1
