id;first_name;last_name;class_id
1;Katarzyna;Sadowska;3
2;Wiktoria;Stępień;3
3;Elżbieta;Szymańska;2
4;Patrycja;Bąk;2
5;Krzysztof;Kowalczyk;3
6;Rafał;Jankowski;2
7;Szymon;Woźniak;3
8;Andrzej;Wieczorek;2
9;Laura;Grabowska;2
10;Teresa;Kwiatkowska;3
11;Patryk;Wojciechowski;1
12;Beata;Sadowska;2
13;Aleksandra;Górska;1
14;Zbigniew;Jankowski;1
15;Halina;Lewandowska;2
16;Patryk;Lewandowski;3
17;Wojciech;Jankowski;3
18;Małgorzata;Bąk;2
19;Grzegorz;Szymański;3
20;Katarzyna;Nowakowska;2
21;Magdalena;Malinowska;1
22;Jolanta;Dąbrowska;2
23;Monika;Jabłońska;2
24;Andrzej;Kamiński;3
25;Tadeusz;Wróbel;3
26;Andrzej;Walczak;1
27;Paweł;Walczak;3
28;Zuzanna;Szymańska;2
29;Julia;Czarnecka;1
30;Wojciech;Dąbrowski;1
