id;first_name;last_name;class_id
1;Mikołaj;Krawczyk;1
2;Mikołaj;Nowakowski;2
3;Emilia;Kamińska;1
4;Magdalena;Michalska;3
5;Patrycja;Szymańska;2
6;Zofia;Kozłowska;2
7;Kacper;Król;1
8;Józef;Sikora;2
9;Mariusz;Kaczmarek;3
10;Sebastian;Kaczmarek;3
11;Laura;Grabowska;2
12;Maria;Bąk;2
13;Kacper;Wróbel;3
14;Jerzy;Wojciechowski;2
15;Marek;Kwiatkowski;1
16;Emilia;Krawczyk;3
17;Irena;Rutkowska;3
18;Monika;Sadowska;1
19;Katarzyna;Nowakowska;3
20;Anna;Jabłońska;2
21;Rafał;Majewski;1
22;Natalia;Wiśniewska;3
23;Wojciech;Jaworski;3
24;Jerzy;Jaworski;3
25;Paweł;Wiśniewski;2
26;Zbigniew;Wójcik;3
27;Robert;Malinowski;2
28;Patrycja;Lewandowska;3
29;Joanna;Nowicka;2
30;Dorota;Nowakowska;1
