id;first_name;last_name;class_id
1;Wiktoria;Lis;1
2;Marta;Kozłowska;2
3;Laura;Piotrowska;2
4;Emilia;Olszewska;1
5;Sebastian;Jankowski;2
6;Krzysztof;Jaworski;1
7;Emilia;Kaczmarek;1
8;Patrycja;Górska;2
9;Andrzej;Król;3
10;Sebastian;Malinowski;1
11;Maria;Wójcik;2
12;Jerzy;Kowalski;3
13;Stanisław;Zieliński;2
14;Teresa;Kamińska;2
15;Aleksandra;Zielińska;3
16;Natalia;Piotrowska;1
17;Józef;Malinowski;1
18;Marek;Nowak;2
19;Elżbieta;Nowakowska;3
20;Małgorzata;Dąbrowska;3
21;Zuzanna;Kowalska;1
22;Patrycja;Bąk;3
23;Tomasz;Pawlak;1
24;Damian;Grabowski;3
25;Dorota;Grabowska;1
26;Andrzej;Zając;1
27;Wojciech;Malinowski;1
28;Kamil;Kozłowski;2
29;Mariusz;Zieliński;2
30;Beata;Chmielewska;3
