id;first_name;last_name;class_id
1;Krzysztof;Król;3
2;Kamil;Kwiatkowski;3
3;Krzysztof;Olszewski;2
4;Kamil;Walczak;2
5;Wojciech;Wieczorek;3
6;Sebastian;Stępień;3
7;Katarzyna;Jankowska;2
8;Mariusz;Kowalski;2
9;Paweł;Wojciechowski;2
10;Barbara;Sawicka;3
11;Krzysztof;Woźniak;2
12;Zuzanna;Nowicka;3
13;Emilia;Lewandowska;2
14;Katarzyna;Wiśniewska;1
15;Paweł;Kwiatkowski;3
16;Helena;Sadowska;3
17;Amelia;Wieczorek;1
18;Marek;Wiśniewski;2
19;Jadwiga;Grabowska;1
20;Jan;Stępień;3
21;Dariusz;Wójcik;3
22;Barbara;Kamińska;1
23;Piotr;Pawlak;1
24;Patryk;Malinowski;1
25;Marcin;Malinowski;3
26;Zbigniew;Kwiatkowski;1
27;Józef;Kozłowski;2
28;Zbigniew;Kozłowski;3
29;Irena;Czarnecka;1
30;Rafał;Michalski;2
