id;first_name;last_name;class_id
1;Krzysztof;Woźniak;1
2;Dorota;Sawicka;1
3;Zuzanna;Baranowska;3
4;Zofia;Malinowska;1
5;Ewa;Grabowska;1
6;Zofia;Kaczmarek;3
7;Rafał;Nowak;3
8;Rafał;Malinowski;3
9;Andrzej;Kowalski;3
10;Monika;Sawicka;1
11;Helena;Nowakowska;2
12;Kacper;Kozłowski;1
13;Jadwiga;Sikorska;1
14;Agnieszka;Kozłowska;2
15;Michał;Jankowski;2
16;Tomasz;Kamiński;1
17;Julia;Król;3
18;Dariusz;Walczak;2
19;Beata;Czarnecka;1
20;Natalia;Piotrowska;2
21;Krzysztof;Olszewski;3
22;Szymon;Walczak;1
23;Irena;Malinowska;3
24;Wiktoria;Adamczyk;1
25;Helena;Mazur;1
26;Maja;Zielińska;1
27;Natalia;Kwiatkowska;2
28;Paweł;Kozłowski;2
29;Grzegorz;Wiśniewski;2
30;Jadwiga;Kamińska;1
