id;first_name;last_name;class_id
1;Jolanta;Chmielewska;3
2;Piotr;Stępień;2
3;Szymon;Michalski;1
4;Krzysztof;Woźniak;3
5;Bartosz;Majewski;1
6;Anna;Jankowska;1
7;Zofia;Kwiatkowska;3
8;Zuzanna;Jankowska;3
9;Jan;Walczak;2
10;Joanna;Nowicka;2
11;Anna;Lewandowska;3
12;Ewa;Pawłowska;1
13;Jan;Zieliński;3
14;Wojciech;Grabowski;3
15;Helena;Król;2
16;Stanisław;Kaczmarek;1
17;Jadwiga;Kamińska;3
18;Mariusz;Nowakowski;1
19;Aleksandra;Sadowska;2
20;Joanna;Adamczyk;1
21;Piotr;Wójcik;3
22;Mariusz;Szymański;3
23;Mikołaj;Dąbrowski;2
24;Jan;Kamiński;1
25;Józef;Kwiatkowski;1
26;Joanna;Chmielewska;1
27;Patrycja;Bąk;2
28;Tomasz;Stępień;3
29;Maria;Sadowska;1
30;Aleksandra;Kozłowska;3
