id;first_name;last_name;class_id
1;Ewa;Kwiatkowska;1
2;Paweł;Kamiński;3
3;Beata;Baranowska;3
4;Natalia;Nowakowska;2
5;Patrycja;Mazur;3
6;Andrzej;Dąbrowski;2
7;Dariusz;Woźniak;1
8;Rafał;Piotrowski;2
9;Wojciech;Wieczorek;3
10;Marcin;Adamczyk;1
11;Tomasz;Woźniak;2
12;Damian;Dudek;3
13;Patryk;Wójcik;1
14;Krzysztof;Jankowski;3
15;Zuzanna;Grabowska;1
16;Tadeusz;Jankowski;3
17;Dariusz;Wojciechowski;1
18;Laura;Nowicka;1
19;Monika;Zielińska;3
20;Adam;Pawłowski;3
21;Rafał;Michalski;2
22;Elżbieta;Piotrowska;3
23;Maja;Nowicka;2
24;Magdalena;Wiśniewska;1
25;Emilia;Malinowska;2
26;Marek;Wojciechowski;2
27;Patrycja;Sadowska;3
28;Natalia;Wójcik;2
29;Marcin;Wiśniewski;1
30;Kamil;Kamiński;2
