id;first_name;last_name;class_id
1;Ewa;Michalska;3
2;Wiktoria;Chmielewska;1
3;Mariusz;Malinowski;3
4;Piotr;Mazur;1
5;Janina;Nowicka;2
6;Robert;Lewandowski;3
7;Tomasz;Wieczorek;1
8;Aleksandra;Pawłowska;3
9;Wiktoria;Zielińska;2
10;Kamil;Pawłowski;1
11;Wojciech;Dąbrowski;2
12;Emilia;Górska;3
13;Barbara;Jabłońska;1
14;Zuzanna;Wiśniewska;1
15;Tomasz;Adamczyk;2
16;Ewa;Olszewska;1
17;Patrycja;Król;3
18;Andrzej;Majewski;1
19;Joanna;Sikorska;2
20;Rafał;Dudek;3
21;Laura;Sadowska;3
22;Julia;Jabłońska;3
23;Jan;Kowalczyk;1
24;Jacek;Kaczmarek;3
25;Maja;Lis;2
26;Wiktoria;Kowalska;2
27;Dariusz;Szymański;2
28;Halina;Grabowska;3
29;Marta;Krawczyk;2
30;Rafał;Dudek;1
