id;first_name;last_name;class_id
1;Michał;Zając;1
2;Barbara;Pawłowska;3
3;Magdalena;Szymańska;1
4;Józef;Pawlak;3
5;Kamil;Kowalczyk;2
6;Joanna;Górska;1
7;Jerzy;Wiśniewski;2
8;Amelia;Wróblewska;2
9;Maja;Wójcik;3
10;Irena;Olszewska;2
11;Barbara;Zielińska;2
12;Adam;Nowicki;2
13;Paweł;Malinowski;1
14;Janina;Grabowska;2
15;Barbara;Chmielewska;3
16;Katarzyna;Zielińska;3
17;Marcin;Król;3
18;Michał;Dąbrowski;2
19;Monika;Olszewska;3
20;Józef;Lewandowski;1
21;Katarzyna;Bąk;2
22;Marta;Rutkowska;2
23;Jerzy;Malinowski;1
24;Wiktoria;Mazur;1
25;Julia;Lis;3
26;Joanna;Jabłońska;1
27;Jacek;Adamczyk;3
28;Kacper;Wilk;1
29;Helena;Wójcik;2
30;Jacek;Krawczyk;2
