id;first_name;last_name;class_id
1;Bartosz;Walczak;1
2;Szymon;Kamiński;2
3;Ewa;Malinowska;2
4;Magdalena;Kowalska;1
5;Rafał;Mazur;2
6;Mateusz;Kowalczyk;1
7;Kacper;Adamczyk;2
8;Marek;Król;1
9;Jan;Piotrowski;3
10;Julia;Stępień;2
11;Michał;Król;3
12;Zbigniew;Wieczorek;2
13;Zuzanna;Woźniak;3
14;Piotr;Adamczyk;2
15;Kamil;Jaworski;1
16;Michał;Król;1
17;Agnieszka;Lewandowska;3
18;Helena;Chmielewska;2
19;Ewa;Woźniak;1
20;Sebastian;Nowicki;1
21;Józef;Dudek;2
22;Irena;Rutkowska;3
23;Jolanta;Woźniak;1
24;Wiktoria;Kwiatkowska;3
25;Robert;Wojciechowski;1
26;Barbara;Jabłońska;2
27;Józef;Wilk;2
28;Jan;Dudek;3
29;Filip;Nowicki;1
30;Irena;Grabowska;2
