id;first_name;last_name;class_id
1;Michał;Woźniak;3
2;Józef;Nowakowski;2
3;Jacek;Wiśniewski;1
4;Irena;Pawłowska;3
5;Zuzanna;Nowakowska;1
6;Tadeusz;Woźniak;1
7;Dariusz;Mazur;3
8;Helena;Sikorska;1
9;Jacek;Jankowski;3
10;Emilia;Chmielewska;2
11;Aleksandra;Wójcik;3
12;Tadeusz;Dąbrowski;2
13;Michał;Jaworski;1
14;Agnieszka;Wieczorek;1
15;Krzysztof;Kowalczyk;1
16;Bartosz;Adamczyk;2
17;Laura;Stępień;3
18;Robert;Jaworski;2
19;Jolanta;Sawicka;1
20;Rafał;Grabowski;3
21;Mariusz;Wójcik;3
22;Szymon;Mazur;1
23;Stanisław;Majewski;1
24;Natalia;Rutkowska;2
25;Damian;Nowicki;2
26;Robert;Dudek;1
27;Tomasz;Zieliński;2
28;Patrycja;Stępień;3
29;Wojciech;Dudek;1
30;Damian;Wilk;2
