id;first_name;last_name;class_id
1;Dorota;Stępień;1
2;Katarzyna;Mazur;1
3;Agnieszka;Nowicka;3
4;Ewa;Kwiatkowska;1
5;Jolanta;Kamińska;3
6;Jacek;Woźniak;3
7;Rafał;Krawczyk;2
8;Jolanta;Nowakowska;2
9;Jacek;Król;3
10;Michał;Kamiński;3
11;Zbigniew;Wróbel;2
12;Amelia;Wieczorek;2
13;Krzysztof;Grabowski;3
14;Tomasz;Walczak;1
15;Andrzej;Walczak;1
16;Damian;Wojciechowski;1
17;Maria;Sikorska;2
18;Jolanta;Dąbrowska;3
19;Monika;Wiśniewska;1
20;Jacek;Wójcik;1
21;Paweł;Wróbel;2
22;Anna;Dąbrowska;3
23;Tomasz;Lewandowski;2
24;Jolanta;Pawłowska;2
25;Joanna;Stępień;2
26;Piotr;Wojciechowski;2
27;Michał;Nowakowski;1
28;Emilia;Sadowska;3
29;Grzegorz;Zając;1
30;Magdalena;Pawłowska;3
