id;first_name;last_name;class_id
1;Anna;Wieczorek;1
2;Tomasz;Sikora;1
3;Mikołaj;Kaczmarek;1
4;Wiktoria;Woźniak;2
5;Tomasz;Pawlak;2
6;Beata;Woźniak;2
7;Damian;Kwiatkowski;2
8;Marcin;Król;3
9;Patryk;Wiśniewski;1
10;Stanisław;Malinowski;2
11;Adam;Wróbel;2
12;Oliwia;Chmielewska;1
13;Julia;Wiśniewska;3
14;Jolanta;Olszewska;3
15;Zuzanna;Adamczyk;3
16;Bartosz;Dąbrowski;2
17;Zofia;Lis;1
18;Maria;Lewandowska;3
19;Anna;Dąbrowska;1
20;Mariusz;Nowicki;2
21;Grzegorz;Kaczmarek;1
22;Mariusz;Kozłowski;3
23;Szymon;Kamiński;2
24;Kacper;Wróbel;1
25;Monika;Kwiatkowska;3
26;Marta;Michalska;3
27;Małgorzata;Grabowska;2
28;Sebastian;Woźniak;2
29;Patryk;Majewski;1
30;Teresa;Michalska;1
