id;first_name;last_name;class_id
1;Stanisław;Wójcik;3
2;Józef;Jankowski;2
3;Irena;Mazur;2
4;Tomasz;Krawczyk;2
5;Rafał;Dąbrowski;2
6;Mariusz;Sikora;2
7;Katarzyna;Jankowska;3
8;Ewa;Lis;3
9;Teresa;Zielińska;2
10;Mateusz;Grabowski;2
11;Sebastian;Kowalczyk;3
12;Sebastian;Zając;2
13;Zbigniew;Michalski;1
14;Piotr;Malinowski;1
15;Tadeusz;Krawczyk;1
16;Agnieszka;Woźniak;2
17;Teresa;Malinowska;3
18;Dorota;Górska;1
19;Irena;Piotrowska;2
20;Joanna;Woźniak;1
21;Michał;Wojciechowski;2
22;Kamil;Nowicki;1
23;Robert;Szymański;2
24;Patryk;Majewski;2
25;Wiktoria;Stępień;2
26;Laura;Sikorska;1
27;Jadwiga;Baranowska;2
28;Jolanta;Adamczyk;2
29;Bartosz;Nowicki;3
30;Jerzy;Szymański;3
