id;first_name;last_name;class_id
1;Jerzy;Pawlak;2
2;Helena;Zielińska;3
3;Marta;Bąk;3
4;Tadeusz;Kwiatkowski;3
5;Jadwiga;Olszewska;3
6;Jolanta;Szymańska;2
7;Andrzej;Pawlak;2
8;Mariusz;Wieczorek;2
9;Piotr;Kowalski;2
10;Stanisław;Krawczyk;2
11;Marta;Krawczyk;3
12;Aleksandra;Pawłowska;2
13;Krzysztof;Nowicki;1
14;Małgorzata;Lis;2
15;Jadwiga;Sawicka;2
16;Barbara;Jankowska;3
17;Kacper;Kowalski;3
18;Stanisław;Woźniak;1
19;Stanisław;Michalski;3
20;Kamil;Nowak;1
21;Jadwiga;Lis;1
22;Helena;Michalska;2
23;Zbigniew;Michalski;3
24;Agnieszka;Michalska;2
25;Kacper;Lewandowski;3
26;Józef;Pawłowski;1
27;Patrycja;Kamińska;3
28;Julia;Lewandowska;1
29;Monika;Majewska;1
30;Wojciech;Nowicki;2
