id;first_name;last_name;class_id
1;Józef;Król;2
2;Emilia;Grabowska;2
3;Monika;Górska;3
4;Maria;Adamczyk;1
5;Ewa;Pawłowska;1
6;Bartosz;Pawlak;1
7;Zuzanna;Król;1
8;Michał;Pawlak;3
9;Maria;Sadowska;3
10;Adam;Pawlak;1
11;Oliwia;Szymańska;2
12;Bartosz;Zając;3
13;Helena;Kamińska;1
14;Janina;Woźniak;1
15;Irena;Dąbrowska;3
16;Bartosz;Wróbel;2
17;Jadwiga;Kamińska;3
18;Jacek;Kozłowski;2
19;Zofia;Mazur;3
20;Sebastian;Wójcik;2
21;Krzysztof;Wójcik;1
22;Monika;Mazur;3
23;Beata;Adamczyk;1
24;Rafał;Adamczyk;3
25;Marcin;Dudek;1
26;Zuzanna;Michalska;3
27;Magdalena;Kowalska;2
28;Zuzanna;Kaczmarek;1
29;Teresa;Dąbrowska;1
30;Jerzy;Pawłowski;1
