id;first_name;last_name;class_id
1;Joanna;Pawłowska;3
2;Maria;Czarnecka;3
3;Marek;Dąbrowski;2
4;Julia;Górska;2
5;Maja;Wójcik;3
6;Aleksandra;Wróblewska;3
7;Rafał;Wilk;1
8;Dorota;Sadowska;2
9;Patrycja;Grabowska;2
10;Patrycja;Olszewska;1
11;Jolanta;Nowakowska;3
12;Mikołaj;Kaczmarek;1
13;Andrzej;Kowalski;3
14;Michał;Jabłoński;1
15;Monika;Rutkowska;1
16;Agnieszka;Kamińska;2
17;Stanisław;Pawlak;2
18;Irena;Rutkowska;3
19;Janina;Sadowska;2
20;Mikołaj;Nowicki;3
21;Kamil;Piotrowski;3
22;Mikołaj;Szymański;2
23;Laura;Szymańska;3
24;Paweł;Nowak;3
25;Zofia;Grabowska;2
26;Joanna;Pawłowska;1
27;Tomasz;Jaworski;1
28;Rafał;Jabłoński;1
29;Damian;Kaczmarek;1
30;Jolanta;Kaczmarek;2
