id;first_name;last_name;class_id
1;Filip;Pawlak;3
2;Aleksandra;Stępień;1
3;Irena;Szymańska;3
4;Agnieszka;Czarnecka;2
5;Krzysztof;Adamczyk;1
6;Ewa;Nowicka;2
7;Halina;Majewska;1
8;Kacper;Dąbrowski;2
9;Katarzyna;Wiśniewska;2
10;Szymon;Walczak;3
11;Łukasz;Lewandowski;1
12;Tomasz;Wróbel;1
13;Mikołaj;Wróbel;1
14;Kacper;Majewski;2
15;Krzysztof;Malinowski;1
16;Oliwia;Dąbrowska;1
17;Marcin;Dąbrowski;2
18;Teresa;Wróblewska;3
19;Monika;Wójcik;1
20;Robert;Kwiatkowski;1
21;Tadeusz;Nowak;1
22;Szymon;Sikora;1
23;Mateusz;Jaworski;1
24;Bartosz;Grabowski;2
25;Oliwia;Chmielewska;3
26;Grzegorz;Piotrowski;3
27;Emilia;Czarnecka;3
28;Ewa;Zielińska;2
29;Teresa;Kamińska;2
30;Marcin;Wiśniewski;3
