id;first_name;last_name;class_id
1;Stanisław;Kwiatkowski;3
2;Damian;Majewski;1
3;Jan;Michalski;1
4;Jerzy;Nowakowski;1
5;Rafał;Krawczyk;1
6;Elżbieta;Wójcik;2
7;Dariusz;Wróbel;2
8;Jolanta;Woźniak;2
9;Marek;Mazur;2
10;Szymon;Kozłowski;2
11;Agnieszka;Sadowska;3
12;Julia;Nowicka;1
13;Patryk;Olszewski;1
14;Bartosz;Piotrowski;1
15;Robert;Kaczmarek;3
16;Tomasz;Sikora;3
17;Michał;Nowicki;1
18;Rafał;Woźniak;2
19;Jolanta;Baranowska;1
20;Tadeusz;Kowalczyk;1
21;Szymon;Nowak;3
22;Grzegorz;Pawlak;3
23;Julia;Majewska;1
24;Amelia;Olszewska;1
25;Jolanta;Pawłowska;2
26;Wiktoria;Dąbrowska;3
27;Jacek;Wójcik;1
28;Tadeusz;Pawlak;1
29;Sebastian;Lewandowski;1
30;Sebastian;Kaczmarek;3
