id;first_name;last_name;class_id
1;Krzysztof;Wójcik;2
2;Elżbieta;Grabowska;3
3;Zuzanna;Olszewska;2
4;Amelia;Jabłońska;3
5;Magdalena;Jankowska;3
6;Julia;Zielińska;2
7;Rafał;Dudek;3
8;Laura;Grabowska;1
9;Łukasz;Dudek;2
10;Marta;Adamczyk;1
11;Jolanta;Mazur;2
12;Grzegorz;Kwiatkowski;1
13;Robert;Pawłowski;2
14;Kacper;Zieliński;1
15;Andrzej;Nowak;3
16;Maria;Kwiatkowska;2
17;Wiktoria;Król;1
18;Beata;Dąbrowska;3
19;Halina;Sadowska;1
20;Tadeusz;Wójcik;2
21;Zofia;Krawczyk;3
22;Rafał;Stępień;1
23;Grzegorz;Wilk;1
24;Zuzanna;Pawłowska;2
25;Damian;Woźniak;2
26;Michał;Kowalczyk;1
27;Maria;Malinowska;2
28;Joanna;Zielińska;3
29;Patrycja;Wiśniewska;1
30;Sebastian;Wieczorek;2
