id;first_name;last_name;class_id
1;Zbigniew;Woźniak;2
2;Anna;Górska;1
3;Irena;Wróblewska;2
4;Kamil;Walczak;2
5;Monika;Nowakowska;2
6;Sebastian;Grabowski;3
7;Dorota;Chmielewska;1
8;Marek;Kaczmarek;2
9;Irena;Szymańska;1
10;Barbara;Czarnecka;3
11;Joanna;Lewandowska;2
12;Jerzy;Olszewski;3
13;Maja;Stępień;3
14;Barbara;Olszewska;3
15;Julia;Grabowska;3
16;Adam;Jaworski;2
17;Rafał;Wróbel;3
18;Rafał;Zieliński;1
19;Elżbieta;Adamczyk;1
20;Marcin;Kowalski;2
21;Beata;Piotrowska;3
22;Adam;Olszewski;1
23;Kamil;Pawłowski;2
24;Michał;Dąbrowski;3
25;Jan;Pawłowski;2
26;Jolanta;Stępień;3
27;Magdalena;Górska;2
28;Grzegorz;Wieczorek;1
29;Kacper;Kowalski;3
30;Grzegorz;Dąbrowski;2
