id;first_name;last_name;class_id
1;Kacper;Zając;3
2;Helena;Dąbrowska;1
3;Maja;Lis;2
4;Michał;Grabowski;2
5;Beata;Wieczorek;1
6;Adam;Jankowski;1
7;Maja;Rutkowska;2
8;Jadwiga;Michalska;3
9;Katarzyna;Sawicka;2
10;Szymon;Kaczmarek;1
11;Tomasz;Wieczorek;1
12;Jadwiga;Kowalska;1
13;Patrycja;Kamińska;2
14;Jadwiga;Zielińska;3
15;Michał;Nowicki;2
16;Jolanta;Kozłowska;2
17;Stanisław;Mazur;1
18;Oliwia;Wójcik;3
19;Piotr;Kozłowski;1
20;Mikołaj;Michalski;3
21;Marcin;Kwiatkowski;1
22;Bartosz;Jaworski;2
23;Jolanta;Chmielewska;1
24;Mikołaj;Nowak;1
25;Dariusz;Kowalczyk;1
26;Filip;Dąbrowski;1
27;Wiktoria;Zielińska;3
28;Józef;Wójcik;3
29;Mariusz;Grabowski;2
30;Mariusz;Wojciechowski;3
