id;first_name;last_name;class_id
1;Agnieszka;Grabowska;3
2;Patrycja;Kaczmarek;1
3;Kamil;Mazur;1
4;Marek;Król;1
5;Aleksandra;Wieczorek;3
6;Paweł;Król;1
7;Magdalena;Dąbrowska;2
8;Irena;Nowicka;3
9;Rafał;Jankowski;2
10;Maria;Kwiatkowska;3
11;Jadwiga;Król;1
12;Janina;Baranowska;1
13;Kamil;Jabłoński;1
14;Maja;Kowalska;1
15;Bartosz;Dudek;3
16;Ewa;Chmielewska;1
17;Stanisław;Zieliński;1
18;Paweł;Jaworski;2
19;Michał;Jabłoński;2
20;Kamil;Kowalski;2
21;Dorota;Czarnecka;3
22;Mariusz;Jabłoński;1
23;Michał;Dudek;3
24;Andrzej;Majewski;1
25;Agnieszka;Stępień;2
26;Ewa;Jankowska;2
27;Jolanta;Król;2
28;Helena;Sadowska;2
29;Kamil;Kowalski;3
30;Jolanta;Kowalska;3
