id;first_name;last_name;class_id
1;Piotr;Kaczmarek;2
2;Józef;Sikora;2
3;Wiktoria;Zielińska;2
4;Halina;Jabłońska;1
5;Marta;Nowicka;3
6;Helena;Wójcik;2
7;Patrycja;Wójcik;1
8;Agnieszka;Majewska;2
9;Sebastian;Pawłowski;3
10;Jolanta;Kamińska;2
11;Wojciech;Kwiatkowski;2
12;Rafał;Adamczyk;3
13;Andrzej;Kowalczyk;2
14;Marta;Grabowska;1
15;Sebastian;Adamczyk;1
16;Halina;Jabłońska;2
17;Anna;Pawłowska;1
18;Łukasz;Wieczorek;1
19;Ewa;Nowicka;3
20;Maja;Krawczyk;2
21;Joanna;Rutkowska;1
22;Rafał;Krawczyk;1
23;Monika;Lewandowska;2
24;Laura;Stępień;3
25;Wiktoria;Nowicka;2
26;Grzegorz;Kamiński;3
27;Adam;Jaworski;1
28;Zbigniew;Lewandowski;1
29;Jadwiga;Król;2
30;Magdalena;Król;3
