id;first_name;last_name;class_id
1;Laura;Krawczyk;2
2;Anna;Wróblewska;2
3;Marta;Zielińska;3
4;Zbigniew;Woźniak;3
5;Patrycja;Krawczyk;1
6;Barbara;Król;3
7;Magdalena;Wróblewska;1
8;Michał;Walczak;2
9;Maria;Zielińska;1
10;Tomasz;Król;3
11;Robert;Król;1
12;Wojciech;Stępień;2
13;Tomasz;Szymański;2
14;Mariusz;Pawłowski;2
15;Marcin;Król;3
16;Aleksandra;Chmielewska;1
17;Damian;Grabowski;2
18;Anna;Michalska;3
19;Barbara;Adamczyk;2
20;Małgorzata;Majewska;2
21;Maria;Jabłońska;3
22;Oliwia;Woźniak;3
23;Wiktoria;Wróblewska;1
24;Wiktoria;Wiśniewska;2
25;Jerzy;Wróbel;1
26;Sebastian;Nowicki;1
27;Jolanta;Majewska;3
28;Anna;Kowalska;2
29;Jan;Adamczyk;3
30;Damian;Szymański;3
