id;first_name;last_name;class_id
1;Patryk;Zając;1
2;Bartosz;Walczak;1
3;Adam;Jabłoński;2
4;Michał;Stępień;1
5;Filip;Szymański;1
6;Bartosz;Nowicki;3
7;Damian;Wójcik;1
8;Jerzy;Jabłoński;1
9;Jadwiga;Jabłońska;2
10;Marcin;Pawłowski;2
11;Rafał;Wieczorek;1
12;Zuzanna;Lis;2
13;Laura;Szymańska;2
14;Maria;Kamińska;2
15;Szymon;Malinowski;1
16;Amelia;Nowakowska;3
17;Laura;Nowicka;2
18;Dorota;Wróblewska;1
19;Damian;Pawłowski;3
20;Andrzej;Olszewski;2
21;Marta;Stępień;2
22;Zofia;Majewska;1
23;Tadeusz;Zieliński;3
24;Emilia;Górska;1
25;Marek;Sikora;3
26;Teresa;Krawczyk;2
27;Zbigniew;Nowicki;1
28;Marcin;Wojciechowski;1
29;Piotr;Majewski;1
30;Emilia;Kozłowska;3
