id;first_name;last_name;class_id
1;Julia;Kozłowska;3
2;Janina;Kamińska;3
3;Aleksandra;Nowakowska;2
4;Amelia;Sawicka;1
5;Bartosz;Stępień;3
6;Aleksandra;Szymańska;2
7;Maja;Majewska;2
8;Mariusz;Kwiatkowski;3
9;Oliwia;Baranowska;2
10;Mateusz;Jabłoński;2
11;Jadwiga;Jankowska;1
12;Mikołaj;Woźniak;1
13;Mikołaj;Dąbrowski;2
14;Agnieszka;Wiśniewska;2
15;Filip;Nowakowski;1
16;Tadeusz;Nowicki;2
17;Mateusz;Nowak;1
18;Małgorzata;Lewandowska;2
19;Paweł;Malinowski;2
20;Łukasz;Kaczmarek;1
21;Kacper;Wójcik;1
22;Ewa;Bąk;1
23;Laura;Pawłowska;3
24;Anna;Mazur;1
25;Jan;Krawczyk;3
26;Robert;Nowicki;2
27;Amelia;Szymańska;2
28;Piotr;Nowicki;2
29;Dariusz;Piotrowski;3
30;Mariusz;Lewandowski;1
