id;first_name;last_name;class_id
1;Mariusz;Pawlak;3
2;Łukasz;Wójcik;1
3;Emilia;Wiśniewska;2
4;Maja;Pawłowska;2
5;Rafał;Wróbel;1
6;Małgorzata;Olszewska;1
7;Grzegorz;Olszewski;3
8;Zofia;Wróblewska;3
9;Wiktoria;Sawicka;3
10;Dariusz;Grabowski;2
11;Emilia;Lis;1
12;Tomasz;Piotrowski;3
13;Małgorzata;Stępień;2
14;Ewa;Kwiatkowska;3
15;Grzegorz;Kaczmarek;1
16;Patrycja;Woźniak;1
17;Elżbieta;Rutkowska;1
18;Marek;Zając;3
19;Małgorzata;Szymańska;3
20;Robert;Malinowski;2
21;Kacper;Szymański;2
22;Marek;Jankowski;2
23;Janina;Lewandowska;2
24;Bartosz;Kowalski;1
25;Julia;Jankowska;1
26;Julia;Kwiatkowska;1
27;Bartosz;Adamczyk;2
28;Irena;Kamińska;2
29;Barbara;Kwiatkowska;2
30;Dorota;Sikorska;2
