id;first_name;last_name;class_id
1;Paweł;Wieczorek;1
2;Halina;Kwiatkowska;3
3;Natalia;Stępień;2
4;Emilia;Grabowska;2
5;Łukasz;Szymański;3
6;Kacper;Olszewski;3
7;Jerzy;Adamczyk;2
8;Bartosz;Zieliński;3
9;Teresa;Stępień;1
10;Dorota;Mazur;2
11;Wojciech;Kozłowski;3
12;Krzysztof;Nowakowski;1
13;Kamil;Majewski;1
14;Marta;Wójcik;3
15;Robert;Wojciechowski;2
16;Jerzy;Mazur;3
17;Marcin;Kamiński;1
18;Tadeusz;Szymański;1
19;Natalia;Stępień;1
20;Maria;Piotrowska;3
21;Józef;Kwiatkowski;1
22;Kacper;Majewski;3
23;Mikołaj;Wójcik;3
24;Mikołaj;Kamiński;2
25;Małgorzata;Krawczyk;1
26;Julia;Wiśniewska;2
27;Szymon;Kowalczyk;1
28;Aleksandra;Krawczyk;3
29;Dariusz;Kamiński;3
30;Józef;Grabowski;1
