id;first_name;last_name;class_id
1;Elżbieta;Wójcik;2
2;Mateusz;Zając;3
3;Marcin;Grabowski;1
4;Małgorzata;Bąk;1
5;Julia;Kamińska;1
6;Kacper;Jaworski;3
7;Amelia;Górska;3
8;Zuzanna;Majewska;3
9;Jerzy;Król;1
10;Kacper;Majewski;2
11;Jan;Majewski;1
12;Amelia;Kozłowska;1
13;Anna;Dąbrowska;2
14;Łukasz;Stępień;2
15;Maria;Jabłońska;3
16;Sebastian;Lewandowski;1
17;Anna;Lewandowska;2
18;Jadwiga;Wiśniewska;1
19;Adam;Grabowski;3
20;Marek;Jankowski;1
21;Elżbieta;Majewska;3
22;Zbigniew;Nowakowski;3
23;Elżbieta;Wieczorek;2
24;Patryk;Sikora;2
25;Jadwiga;Nowakowska;3
26;Magdalena;Lis;1
27;Dorota;Lewandowska;2
28;Ewa;Górska;1
29;Anna;Adamczyk;3
30;Emilia;Wróblewska;2
