id;first_name;last_name;class_id
1;Marta;Malinowska;2
2;Katarzyna;Sawicka;2
3;Elżbieta;Mazur;3
4;Wojciech;Krawczyk;2
5;Mikołaj;Wójcik;2
6;Mateusz;Szymański;1
7;Zuzanna;Kozłowska;3
8;Tadeusz;Wilk;2
9;Joanna;Lewandowska;2
10;Aleksandra;Lis;1
11;Michał;Król;3
12;Jerzy;Jaworski;2
13;Małgorzata;Jabłońska;2
14;Piotr;Wójcik;1
15;Helena;Sikorska;3
16;Dorota;Król;2
17;Małgorzata;Grabowska;3
18;Robert;Mazur;3
19;Jolanta;Wójcik;2
20;Tadeusz;Wojciechowski;3
21;Andrzej;Jabłoński;2
22;Janina;Woźniak;2
23;Robert;Adamczyk;3
24;Aleksandra;Rutkowska;1
25;Zbigniew;Pawlak;3
26;Amelia;Grabowska;1
27;Zbigniew;Król;2
28;Aleksandra;Pawłowska;2
29;Damian;Dąbrowski;3
30;Anna;Wieczorek;2
