id;first_name;last_name;class_id
1;Kamil;Adamczyk;1
2;Natalia;Kamińska;2
3;Zbigniew;Król;3
4;Patrycja;Sawicka;3
5;Paweł;Zając;3
6;Joanna;Grabowska;1
7;Elżbieta;Lis;3
8;Zuzanna;Kwiatkowska;2
9;Magdalena;Król;1
10;Jan;Nowicki;3
11;Monika;Adamczyk;3
12;Julia;Zielińska;1
13;Natalia;Król;2
14;Emilia;Bąk;2
15;Monika;Pawłowska;3
16;Adam;Wilk;3
17;Mateusz;Kamiński;1
18;Tomasz;Jankowski;2
19;Agnieszka;Krawczyk;1
20;Łukasz;Michalski;1
21;Natalia;Lewandowska;2
22;Wojciech;Wieczorek;2
23;Kamil;Jankowski;3
24;Patrycja;Stępień;3
25;Katarzyna;Czarnecka;1
26;Irena;Sikorska;1
27;Krzysztof;Nowak;2
28;Maria;Dąbrowska;1
29;Magdalena;Baranowska;3
30;Patrycja;Rutkowska;1
