id;first_name;last_name;class_id
1;Wiktoria;Lis;2
2;Patrycja;Kaczmarek;1
3;Tomasz;Walczak;2
4;Agnieszka;Kwiatkowska;2
5;Ewa;Chmielewska;1
6;Emilia;Czarnecka;3
7;Aleksandra;Król;3
8;Amelia;Mazur;2
9;Katarzyna;Woźniak;1
10;Robert;Krawczyk;2
11;Zbigniew;Nowakowski;3
12;Teresa;Olszewska;3
13;Józef;Woźniak;2
14;Zbigniew;Walczak;2
15;Irena;Lewandowska;2
16;Zofia;Woźniak;3
17;Filip;Piotrowski;3
18;Julia;Grabowska;3
19;Aleksandra;Wiśniewska;3
20;Wojciech;Kowalczyk;1
21;Tomasz;Pawlak;1
22;Robert;Stępień;3
23;Magdalena;Szymańska;2
24;Laura;Adamczyk;1
25;Rafał;Kwiatkowski;1
26;Irena;Górska;2
27;Julia;Malinowska;2
28;Grzegorz;Sikora;3
29;Patryk;Mazur;2
30;Michał;Zieliński;2
