id;first_name;last_name;class_id
1;Beata;Baranowska;2
2;Laura;Dąbrowska;3
3;Patrycja;Chmielewska;2
4;Katarzyna;Szymańska;1
5;Laura;Krawczyk;3
6;Patrycja;Mazur;1
7;Jan;Wróbel;2
8;Paweł;Nowicki;2
9;Adam;Majewski;1
10;Patrycja;Jankowska;1
11;Marek;Malinowski;2
12;Marcin;Kwiatkowski;2
13;Andrzej;Wiśniewski;2
14;Magdalena;Kamińska;3
15;Oliwia;Kowalska;2
16;Tomasz;Stępień;1
17;Piotr;Jabłoński;3
18;Helena;Stępień;3
19;Piotr;Pawlak;1
20;Damian;Pawłowski;2
21;Stanisław;Woźniak;3
22;Sebastian;Woźniak;2
23;Julia;Jabłońska;2
24;Irena;Olszewska;2
25;Ewa;Krawczyk;3
26;Amelia;Sikorska;1
27;Oliwia;Malinowska;1
28;Natalia;Malinowska;1
29;Paweł;Stępień;2
30;Natalia;Nowakowska;1
