id;first_name;last_name;class_id
1;Dorota;Krawczyk;2
2;Irena;Wieczorek;2
3;Szymon;Dudek;1
4;Maria;Wróblewska;3
5;Mikołaj;Pawłowski;2
6;Oliwia;Pawłowska;1
7;Tomasz;Wieczorek;1
8;Marta;Dąbrowska;3
9;Jerzy;Michalski;1
10;Teresa;Czarnecka;2
11;Tadeusz;Kowalczyk;3
12;Bartosz;Kowalczyk;2
13;Maja;Rutkowska;3
14;Janina;Chmielewska;1
15;Michał;Malinowski;2
16;Marcin;Pawłowski;2
17;Patrycja;Pawłowska;2
18;Jadwiga;Wiśniewska;2
19;Jerzy;Kaczmarek;3
20;Robert;Wiśniewski;2
21;Filip;Grabowski;2
22;Łukasz;Dąbrowski;3
23;Laura;Rutkowska;2
24;Anna;Pawłowska;1
25;Natalia;Czarnecka;2
26;Emilia;Grabowska;3
27;Katarzyna;Kozłowska;3
28;Zuzanna;Rutkowska;3
29;Agnieszka;Rutkowska;3
30;Katarzyna;Kamińska;3
