id;first_name;last_name;class_id
1;Stanisław;Kowalczyk;2
2;Kamil;Stępień;2
3;Tomasz;Mazur;3
4;Paweł;Kowalski;3
5;Tomasz;Nowak;1
6;Halina;Mazur;3
7;Joanna;Krawczyk;2
8;Barbara;Michalska;1
9;Anna;Nowicka;2
10;Dorota;Majewska;2
11;Jadwiga;Jankowska;1
12;Filip;Zieliński;3
13;Ewa;Kamińska;3
14;Piotr;Malinowski;1
15;Stanisław;Dudek;1
16;Grzegorz;Kowalski;1
17;Krzysztof;Stępień;3
18;Mariusz;Adamczyk;2
19;Halina;Majewska;2
20;Rafał;Kaczmarek;1
21;Mariusz;Kwiatkowski;1
22;Beata;Pawłowska;3
23;Piotr;Wiśniewski;2
24;Aleksandra;Szymańska;1
25;Szymon;Kozłowski;3
26;Monika;Baranowska;1
27;Magdalena;Baranowska;3
28;Zofia;Wróblewska;1
29;Teresa;Olszewska;3
30;Joanna;Lewandowska;2
