id;first_name;last_name;class_id
1;Jan;Michalski;3
2;Irena;Jabłońska;2
3;Irena;Jankowska;3
4;Filip;Stępień;2
5;Kacper;Kaczmarek;1
6;Amelia;Sawicka;1
7;Kacper;Zieliński;3
8;Robert;Kozłowski;1
9;Halina;Nowakowska;1
10;Kacper;Kaczmarek;3
11;Sebastian;Woźniak;1
12;Mikołaj;Grabowski;2
13;Marcin;Lewandowski;3
14;Damian;Wójcik;1
15;Emilia;Kaczmarek;2
16;Tadeusz;Nowak;2
17;Halina;Adamczyk;3
18;Sebastian;Grabowski;2
19;Maria;Majewska;2
20;Wojciech;Dudek;3
21;Irena;Czarnecka;1
22;Julia;Król;1
23;Barbara;Baranowska;1
24;Maria;Pawłowska;1
25;Kamil;Zieliński;1
26;Sebastian;Stępień;1
27;Irena;Adamczyk;2
28;Małgorzata;Stępień;1
29;Małgorzata;Wójcik;3
30;Aleksandra;Wójcik;1
