id;first_name;last_name;class_id
1;Jadwiga;Wieczorek;1
2;Szymon;Wojciechowski;2
3;Kamil;Jabłoński;1
4;Laura;Lewandowska;3
5;Wiktoria;Nowakowska;3
6;Michał;Jankowski;3
7;Piotr;Zieliński;2
8;Bartosz;Wojciechowski;2
9;Helena;Michalska;1
10;Oliwia;Szymańska;2
11;Zofia;Chmielewska;2
12;Elżbieta;Piotrowska;3
13;Andrzej;Kowalczyk;3
14;Małgorzata;Szymańska;2
15;Sebastian;Lewandowski;2
16;Mikołaj;Jabłoński;2
17;Katarzyna;Chmielewska;2
18;Mateusz;Zieliński;2
19;Jacek;Adamczyk;2
20;Filip;Adamczyk;3
21;Jacek;Wojciechowski;3
22;Tomasz;Kamiński;1
23;Amelia;Piotrowska;2
24;Elżbieta;Czarnecka;1
25;Jan;Szymański;2
26;Jerzy;Nowak;2
27;Irena;Stępień;1
28;Halina;Lis;2
29;Maria;Bąk;1
30;Wiktoria;Michalska;2
