id;first_name;last_name;class_id
1;Filip;Szymański;2
2;Adam;Pawłowski;2
3;Tadeusz;Kowalski;1
4;Dorota;Wieczorek;1
5;Amelia;Wiśniewska;1
6;Zuzanna;Olszewska;3
7;Julia;Wróblewska;2
8;Oliwia;Krawczyk;1
9;Jolanta;Malinowska;3
10;Oliwia;Jabłońska;3
11;Beata;Sadowska;3
12;Bartosz;Wróbel;3
13;Robert;Nowicki;1
14;Agnieszka;Bąk;2
15;Beata;Zielińska;1
16;Dorota;Kamińska;2
17;Szymon;Nowak;2
18;Stanisław;Jankowski;2
19;Marcin;Kaczmarek;1
20;Michał;Kamiński;3
21;Monika;Król;1
22;Beata;Majewska;3
23;Wojciech;Olszewski;3
24;Marta;Sadowska;2
25;Zuzanna;Kozłowska;2
26;Agnieszka;Baranowska;3
27;Laura;Krawczyk;1
28;Krzysztof;Walczak;3
29;Helena;Lewandowska;3
30;Andrzej;Kwiatkowski;3
