id;first_name;last_name;class_id
1;Natalia;Olszewska;2
2;Marcin;Lewandowski;2
3;Maja;Piotrowska;3
4;Damian;Kozłowski;2
5;Krzysztof;Majewski;1
6;Laura;Piotrowska;2
7;Aleksandra;Nowakowska;3
8;Zofia;Jabłońska;2
9;Tomasz;Nowicki;3
10;Piotr;Kowalczyk;2
11;Szymon;Nowakowski;3
12;Teresa;Olszewska;2
13;Grzegorz;Wilk;1
14;Mikołaj;Dąbrowski;1
15;Piotr;Grabowski;1
16;Beata;Nowicka;3
17;Jadwiga;Mazur;2
18;Joanna;Chmielewska;1
19;Tadeusz;Jankowski;3
20;Kamil;Walczak;2
21;Marek;Jaworski;2
22;Wojciech;Kozłowski;2
23;Filip;Walczak;2
24;Katarzyna;Majewska;3
25;Piotr;Malinowski;2
26;Wojciech;Pawłowski;2
27;Zbigniew;Wiśniewski;2
28;Bartosz;Malinowski;3
29;Teresa;Sikorska;2
30;Bartosz;Majewski;1
