id;first_name;last_name;class_id
1;Mariusz;Krawczyk;2
2;Monika;Piotrowska;2
3;Marta;Majewska;3
4;Ewa;Kowalska;2
5;Grzegorz;Piotrowski;1
6;Andrzej;Kowalczyk;2
7;Maria;Chmielewska;2
8;Maria;Sawicka;2
9;Kacper;Nowakowski;3
10;Wiktoria;Piotrowska;1
11;Józef;Wróbel;3
12;Dariusz;Jaworski;3
13;Teresa;Sadowska;2
14;Kacper;Wieczorek;1
15;Andrzej;Nowak;2
16;Andrzej;Adamczyk;1
17;Irena;Wróblewska;3
18;Patrycja;Adamczyk;1
19;Andrzej;Adamczyk;3
20;Mariusz;Wiśniewski;2
21;Małgorzata;Sawicka;2
22;Maria;Wieczorek;2
23;Helena;Nowicka;1
24;Agnieszka;Chmielewska;2
25;Aleksandra;Sikorska;2
26;Wiktoria;Kowalska;2
27;Marcin;Kwiatkowski;1
28;Tadeusz;Pawłowski;2
29;Wojciech;Jaworski;3
30;Natalia;Olszewska;1
