id;first_name;last_name;class_id
1;Zofia;Michalska;3
2;Marek;Dąbrowski;3
3;Szymon;Nowak;2
4;Szymon;Kaczmarek;3
5;Janina;Malinowska;1
6;Maja;Jankowska;2
7;Paweł;Piotrowski;3
8;Marek;Nowicki;2
9;Halina;Chmielewska;1
10;Dariusz;Piotrowski;2
11;Kacper;Kamiński;3
12;Maja;Grabowska;1
13;Anna;Kozłowska;1
14;Jolanta;Wiśniewska;3
15;Mateusz;Dąbrowski;2
16;Sebastian;Wieczorek;3
17;Mikołaj;Nowak;2
18;Stanisław;Pawlak;2
19;Zbigniew;Król;3
20;Jadwiga;Wieczorek;3
21;Kamil;Majewski;2
22;Robert;Zieliński;1
23;Piotr;Michalski;1
24;Marek;Michalski;2
25;Beata;Baranowska;3
26;Julia;Lewandowska;1
27;Aleksandra;Sikorska;1
28;Dorota;Malinowska;1
29;Mikołaj;Szymański;3
30;Dorota;Wieczorek;3
