id;first_name;last_name;class_id
1;Magdalena;Szymańska;3
2;Damian;Piotrowski;2
3;Mariusz;Jaworski;1
4;Marcin;Wiśniewski;1
5;Łukasz;Kwiatkowski;2
6;Marta;Olszewska;1
7;Tomasz;Wilk;1
8;Jan;Zając;3
9;Magdalena;Czarnecka;3
10;Kamil;Wojciechowski;2
11;Emilia;Olszewska;3
12;Ewa;Jabłońska;2
13;Mikołaj;Król;3
14;Zuzanna;Kaczmarek;3
15;Wiktoria;Wróblewska;2
16;Irena;Kozłowska;2
17;Kacper;Sikora;2
18;Patryk;Wieczorek;1
19;Wojciech;Pawłowski;1
20;Amelia;Kwiatkowska;1
21;Andrzej;Michalski;1
22;Marta;Sawicka;2
23;Julia;Kowalska;3
24;Filip;Kozłowski;2
25;Magdalena;Kozłowska;3
26;Janina;Kaczmarek;1
27;Beata;Nowicka;3
28;Adam;Malinowski;3
29;Katarzyna;Sadowska;1
30;Rafał;Sikora;1
