id;first_name;last_name;class_id
1;Emilia;Malinowska;3
2;Natalia;Kozłowska;1
3;Marcin;Lewandowski;3
4;Jadwiga;Zielińska;3
5;Filip;Woźniak;3
6;Jacek;Król;2
7;Małgorzata;Stępień;1
8;Mariusz;Stępień;1
9;Patryk;Wilk;1
10;Teresa;Wiśniewska;1
11;Irena;Pawłowska;1
12;Patrycja;Dąbrowska;2
13;Jan;Wróbel;1
14;Jacek;Kamiński;3
15;Jerzy;Grabowski;3
16;Helena;Wiśniewska;2
17;Marcin;Adamczyk;2
18;Zbigniew;Wilk;2
19;Julia;Krawczyk;1
20;Grzegorz;Jaworski;1
21;Krzysztof;Grabowski;1
22;Tadeusz;Pawlak;2
23;Patryk;Piotrowski;1
24;Sebastian;Nowak;3
25;Marta;Piotrowska;3
26;Ewa;Wiśniewska;2
27;Zbigniew;Woźniak;3
28;Jan;Mazur;3
29;Helena;Dąbrowska;2
30;Emilia;Lewandowska;1
