id;first_name;last_name;class_id
1;Marcin;Szymański;1
2;Rafał;Nowicki;2
3;Teresa;Jabłońska;3
4;Elżbieta;Adamczyk;3
5;Katarzyna;Wiśniewska;2
6;Kamil;Kaczmarek;2
7;Elżbieta;Woźniak;1
8;Piotr;Kwiatkowski;3
9;Amelia;Kozłowska;2
10;Kamil;Dąbrowski;1
11;Michał;Walczak;3
12;Rafał;Nowak;2
13;Stanisław;Nowakowski;1
14;Julia;Lewandowska;3
15;Robert;Sikora;1
16;Agnieszka;Lis;2
17;Robert;Kaczmarek;2
18;Grzegorz;Malinowski;1
19;Jadwiga;Mazur;2
20;Elżbieta;Król;1
21;Oliwia;Bąk;3
22;Joanna;Kowalska;2
23;Marcin;Zieliński;2
24;Mikołaj;Woźniak;2
25;Kamil;Kozłowski;3
26;Emilia;Olszewska;2
27;Irena;Górska;3
28;Ewa;Kamińska;2
29;Michał;Wróbel;3
30;Halina;Wieczorek;3
