id;first_name;last_name;class_id
1;Marek;Kaczmarek;3
2;Halina;Nowicka;2
3;Małgorzata;Szymańska;1
4;Zbigniew;Kowalczyk;1
5;Helena;Górska;2
6;Magdalena;Wieczorek;2
7;Zofia;Adamczyk;3
8;Jan;Grabowski;1
9;Rafał;Wiśniewski;3
10;Janina;Majewska;3
11;Szymon;Woźniak;2
12;Damian;Sikora;2
13;Jolanta;Wiśniewska;1
14;Elżbieta;Nowicka;2
15;Paweł;Walczak;1
16;Agnieszka;Nowicka;2
17;Marek;Jaworski;1
18;Marek;Walczak;2
19;Kamil;Mazur;1
20;Laura;Zielińska;2
21;Michał;Wieczorek;2
22;Joanna;Michalska;1
23;Patryk;Stępień;1
24;Helena;Sikorska;1
25;Tomasz;Pawlak;3
26;Helena;Rutkowska;2
27;Andrzej;Krawczyk;3
28;Bartosz;Kowalczyk;3
29;Natalia;Jankowska;3
30;Anna;Kamińska;3
