id;first_name;last_name;class_id
1;Irena;Olszewska;1
2;Elżbieta;Kowalska;2
3;Monika;Piotrowska;3
4;Tomasz;Zieliński;3
5;Dariusz;Jankowski;2
6;Andrzej;Dąbrowski;3
7;Aleksandra;Górska;2
8;Dariusz;Jankowski;1
9;Józef;Kwiatkowski;3
10;Zuzanna;Kaczmarek;3
11;Dariusz;Adamczyk;1
12;Zofia;Krawczyk;1
13;Maria;Zielińska;1
14;Helena;Sikorska;2
15;Wiktoria;Woźniak;2
16;Anna;Kwiatkowska;3
17;Natalia;Sikorska;2
18;Marta;Bąk;3
19;Natalia;Kamińska;1
20;Barbara;Malinowska;3
21;Patryk;Sikora;1
22;Katarzyna;Szymańska;1
23;Aleksandra;Jabłońska;1
24;Patrycja;Czarnecka;1
25;Emilia;Lewandowska;1
26;Magdalena;Adamczyk;3
27;Patrycja;Czarnecka;2
28;Emilia;Sadowska;3
29;Agnieszka;Sawicka;2
30;Marek;Nowak;1
