id;first_name;last_name;class_id
1;Jadwiga;Sawicka;2
2;Barbara;Jabłońska;2
3;Paweł;Jabłoński;2
4;Łukasz;Wróbel;3
5;Beata;Mazur;1
6;Monika;Szymańska;3
7;Dorota;Sadowska;1
8;Bartosz;Kowalczyk;1
9;Teresa;Wiśniewska;3
10;Rafał;Szymański;2
11;Robert;Woźniak;3
12;Filip;Zieliński;3
13;Halina;Woźniak;3
14;Damian;Wiśniewski;3
15;Filip;Michalski;1
16;Małgorzata;Michalska;3
17;Kacper;Pawłowski;3
18;Patryk;Pawlak;2
19;Zbigniew;Nowak;1
20;Zuzanna;Lewandowska;3
21;Tadeusz;Woźniak;1
22;Damian;Kaczmarek;3
23;Jerzy;Wilk;3
24;Jolanta;Nowakowska;3
25;Józef;Woźniak;3
26;Sebastian;Wróbel;2
27;Teresa;Czarnecka;1
28;Dorota;Kowalska;2
29;Łukasz;Dąbrowski;2
30;Jacek;Kowalski;1
