id;first_name;last_name;class_id
1;Helena;Mazur;3
2;Wojciech;Jankowski;1
3;Tadeusz;Grabowski;1
4;Tadeusz;Olszewski;2
5;Stanisław;Mazur;2
6;Robert;Wieczorek;1
7;Jerzy;Szymański;2
8;Rafał;Kowalski;1
9;Stanisław;Wiśniewski;3
10;Mateusz;Nowak;1
11;Filip;Mazur;2
12;Zofia;Wiśniewska;1
13;Beata;Wieczorek;2
14;Helena;Wieczorek;1
15;Barbara;Kowalska;2
16;Marta;Kozłowska;2
17;Jan;Nowicki;2
18;Helena;Nowakowska;3
19;Marta;Chmielewska;1
20;Joanna;Grabowska;3
21;Zofia;Lewandowska;2
22;Kacper;Dudek;2
23;Sebastian;Nowak;2
24;Ewa;Sadowska;2
25;Rafał;Stępień;1
26;Michał;Król;2
27;Jolanta;Wieczorek;2
28;Paweł;Lewandowski;1
29;Irena;Kamińska;1
30;Oliwia;Górska;3
