id;first_name;last_name;class_id
1;Michał;Mazur;2
2;Magdalena;Lewandowska;3
3;Marcin;Wójcik;2
4;Robert;Kaczmarek;3
5;Małgorzata;Wieczorek;2
6;Katarzyna;Piotrowska;3
7;Zuzanna;Jabłońska;2
8;Kacper;Jankowski;3
9;Filip;Sikora;2
10;Jan;Nowak;3
11;Damian;Zając;1
12;Tomasz;Krawczyk;1
13;Kamil;Kozłowski;2
14;Jerzy;Grabowski;1
15;Wojciech;Kowalczyk;3
16;Grzegorz;Dąbrowski;2
17;Bartosz;Nowak;2
18;Ewa;Mazur;2
19;Rafał;Nowak;2
20;Maja;Majewska;3
21;Jadwiga;Nowakowska;1
22;Michał;Kozłowski;2
23;Agnieszka;Adamczyk;1
24;Magdalena;Lis;2
25;Kacper;Wojciechowski;1
26;Mateusz;Król;3
27;Natalia;Sawicka;2
28;Wiktoria;Kamińska;1
29;Magdalena;Kowalska;2
30;Szymon;Nowicki;2
