id;first_name;last_name;class_id
1;Piotr;Walczak;3
2;Maja;Zielińska;2
3;Patrycja;Adamczyk;2
4;Ewa;Nowakowska;3
5;Wojciech;Zieliński;3
6;Katarzyna;Malinowska;2
7;Tadeusz;Wilk;2
8;Wiktoria;Bąk;2
9;Adam;Adamczyk;1
10;Wiktoria;Grabowska;3
11;Laura;Dąbrowska;1
12;Kamil;Zieliński;1
13;Robert;Kowalski;2
14;Stanisław;Sikora;2
15;Damian;Stępień;1
16;Mikołaj;Malinowski;1
17;Adam;Kowalski;2
18;Katarzyna;Sawicka;3
19;Krzysztof;Kowalczyk;2
20;Łukasz;Wójcik;1
21;Amelia;Kamińska;3
22;Ewa;Chmielewska;1
23;Amelia;Rutkowska;3
24;Ewa;Sadowska;1
25;Łukasz;Pawlak;2
26;Filip;Wilk;2
27;Patryk;Jabłoński;1
28;Tomasz;Szymański;2
29;Janina;Nowakowska;1
30;Piotr;Lewandowski;2
