id;first_name;last_name;class_id
1;Barbara;Sadowska;2
2;Jan;Król;2
3;Piotr;Pawłowski;1
4;Michał;Jabłoński;2
5;Sebastian;Wilk;3
6;Krzysztof;Woźniak;3
7;Mikołaj;Jankowski;2
8;Robert;Olszewski;1
9;Zofia;Czarnecka;2
10;Michał;Nowakowski;2
11;Joanna;Wójcik;3
12;Jan;Sikora;1
13;Ewa;Adamczyk;2
14;Jolanta;Król;3
15;Laura;Stępień;3
16;Magdalena;Majewska;1
17;Amelia;Pawłowska;1
18;Piotr;Pawlak;1
19;Amelia;Wróblewska;1
20;Szymon;Sikora;2
21;Kamil;Kwiatkowski;2
22;Filip;Jankowski;3
23;Agnieszka;Baranowska;3
24;Amelia;Rutkowska;1
25;Irena;Górska;3
26;Agnieszka;Mazur;1
27;Zuzanna;Grabowska;2
28;Wiktoria;Czarnecka;2
29;Patrycja;Szymańska;2
30;Agnieszka;Grabowska;1
