id;first_name;last_name;class_id
1;Helena;Baranowska;2
2;Aleksandra;Zielińska;3
3;Amelia;Chmielewska;1
4;Jerzy;Malinowski;2
5;Agnieszka;Majewska;3
6;Halina;Malinowska;2
7;Mateusz;Sikora;2
8;Sebastian;Zając;1
9;Natalia;Wójcik;3
10;Maja;Pawłowska;1
11;Halina;Woźniak;3
12;Filip;Kozłowski;1
13;Jadwiga;Lis;2
14;Michał;Woźniak;2
15;Tadeusz;Pawłowski;3
16;Natalia;Jankowska;2
17;Wojciech;Kamiński;2
18;Katarzyna;Adamczyk;2
19;Marek;Wieczorek;3
20;Aleksandra;Szymańska;2
21;Damian;Walczak;3
22;Sebastian;Dąbrowski;2
23;Halina;Kaczmarek;2
24;Anna;Kaczmarek;1
25;Szymon;Wieczorek;2
26;Zbigniew;Majewski;3
27;Zbigniew;Król;3
28;Jolanta;Sikorska;1
29;Dariusz;Kamiński;1
30;Marcin;Wójcik;2
