id;first_name;last_name;class_id
1;Grzegorz;Kwiatkowski;3
2;Bartosz;Malinowski;2
3;Michał;Lewandowski;3
4;Irena;Kaczmarek;2
5;Laura;Wiśniewska;3
6;Magdalena;Majewska;2
7;Marta;Wiśniewska;1
8;Filip;Kaczmarek;2
9;Magdalena;Sadowska;3
10;Tomasz;Nowak;2
11;Julia;Wójcik;2
12;Łukasz;Zieliński;2
13;Patrycja;Sikorska;3
14;Robert;Walczak;2
15;Patrycja;Dąbrowska;2
16;Julia;Krawczyk;3
17;Mateusz;Kowalczyk;3
18;Katarzyna;Kwiatkowska;2
19;Kamil;Krawczyk;3
20;Tomasz;Kowalczyk;2
21;Barbara;Nowicka;3
22;Sebastian;Mazur;2
23;Krzysztof;Szymański;1
24;Monika;Nowakowska;2
25;Kamil;Zieliński;2
26;Aleksandra;Nowicka;2
27;Zbigniew;Jaworski;3
28;Wojciech;Wojciechowski;2
29;Jadwiga;Lewandowska;2
30;Marta;Nowicka;2
