id;first_name;last_name;class_id
1;Ewa;Szymańska;3
2;Maria;Krawczyk;3
3;Grzegorz;Pawłowski;2
4;Laura;Nowicka;3
5;Agnieszka;Sawicka;1
6;Małgorzata;Chmielewska;2
7;Zuzanna;Bąk;1
8;Katarzyna;Kowalska;1
9;Wiktoria;Wieczorek;1
10;Maria;Wiśniewska;3
11;Teresa;Adamczyk;2
12;Magdalena;Bąk;1
13;Zuzanna;Kozłowska;3
14;Damian;Sikora;3
15;Teresa;Malinowska;3
16;Marta;Kaczmarek;1
17;Rafał;Krawczyk;3
18;Filip;Olszewski;1
19;Maja;Piotrowska;3
20;Dorota;Woźniak;1
21;Aleksandra;Wójcik;3
22;Monika;Sikorska;3
23;Adam;Dudek;3
24;Robert;Zieliński;3
25;Jacek;Malinowski;3
26;Zofia;Kowalska;2
27;Stanisław;Adamczyk;3
28;Irena;Adamczyk;2
29;Robert;Wójcik;3
30;Joanna;Sawicka;3
