id;first_name;last_name;class_id
1;Mateusz;Jankowski;3
2;Bartosz;Jabłoński;1
3;Zuzanna;Dąbrowska;1
4;Damian;Jabłoński;2
5;Bartosz;Piotrowski;1
6;Michał;Nowicki;1
7;Ewa;Wiśniewska;1
8;Elżbieta;Kowalska;2
9;Patryk;Adamczyk;3
10;Józef;Dąbrowski;2
11;Grzegorz;Stępień;2
12;Jacek;Dąbrowski;2
13;Ewa;Lewandowska;3
14;Paweł;Wieczorek;2
15;Zofia;Malinowska;2
16;Kacper;Michalski;2
17;Irena;Kaczmarek;1
18;Stanisław;Stępień;1
19;Emilia;Bąk;2
20;Paweł;Kowalski;1
21;Natalia;Jabłońska;3
22;Rafał;Wojciechowski;1
23;Michał;Pawłowski;3
24;Damian;Stępień;2
25;Agnieszka;Jabłońska;3
26;Elżbieta;Olszewska;3
27;Paweł;Adamczyk;2
28;Szymon;Piotrowski;2
29;Zofia;Kozłowska;2
30;Paweł;Stępień;2
