id;first_name;last_name;class_id
1;Mateusz;Grabowski;2
2;Bartosz;Kowalski;1
3;Wiktoria;Jabłońska;2
4;Krzysztof;Nowakowski;1
5;Natalia;Grabowska;2
6;Rafał;Kowalski;1
7;Agnieszka;Bąk;3
8;Józef;Pawlak;3
9;Emilia;Wiśniewska;3
10;Adam;Stępień;2
11;Laura;Dąbrowska;3
12;Irena;Sikorska;2
13;Bartosz;Woźniak;3
14;Jolanta;Wróblewska;3
15;Teresa;Wójcik;1
16;Maria;Górska;2
17;Natalia;Olszewska;3
18;Dariusz;Nowakowski;1
19;Magdalena;Lewandowska;1
20;Mateusz;Sikora;3
21;Jacek;Kamiński;2
22;Małgorzata;Górska;2
23;Oliwia;Kamińska;2
24;Paweł;Pawlak;1
25;Jacek;Piotrowski;1
26;Dariusz;Nowak;3
27;Marcin;Majewski;1
28;Szymon;Majewski;2
29;Natalia;Sikorska;1
30;Marta;Baranowska;3
