id;first_name;last_name;class_id
1;Halina;Dąbrowska;1
2;Kacper;Mazur;2
3;Jolanta;Krawczyk;3
4;Rafał;Nowak;3
5;Mariusz;Woźniak;1
6;Zofia;Kaczmarek;1
7;Halina;Wieczorek;3
8;Mariusz;Olszewski;1
9;Wojciech;Jaworski;1
10;Laura;Wieczorek;3
11;Zbigniew;Nowicki;2
12;Małgorzata;Sawicka;2
13;Amelia;Lewandowska;3
14;Beata;Woźniak;3
15;Jolanta;Piotrowska;1
16;Julia;Piotrowska;2
17;Emilia;Jankowska;3
18;Patryk;Kamiński;2
19;Maria;Majewska;1
20;Bartosz;Jabłoński;1
21;Damian;Malinowski;2
22;Oliwia;Wiśniewska;3
23;Wojciech;Wilk;2
24;Bartosz;Pawlak;2
25;Elżbieta;Król;3
26;Łukasz;Wiśniewski;1
27;Dorota;Lis;3
28;Paweł;Kaczmarek;1
29;Anna;Pawłowska;2
30;Jerzy;Kamiński;2
