id;first_name;last_name;class_id
1;Andrzej;Olszewski;1
2;Robert;Stępień;3
3;Mateusz;Mazur;3
4;Małgorzata;Czarnecka;2
5;Bartosz;Grabowski;2
6;Wiktoria;Jankowska;2
7;Mateusz;Dąbrowski;3
8;Aleksandra;Majewska;2
9;Kamil;Krawczyk;2
10;Wojciech;Kwiatkowski;2
11;Dorota;Piotrowska;3
12;Anna;Wiśniewska;3
13;Magdalena;Majewska;2
14;Emilia;Nowakowska;3
15;Paweł;Nowak;1
16;Maja;Kwiatkowska;3
17;Aleksandra;Kaczmarek;1
18;Amelia;Zielińska;3
19;Helena;Lis;1
20;Jacek;Nowak;1
21;Jan;Jabłoński;2
22;Józef;Lewandowski;1
23;Krzysztof;Stępień;1
24;Filip;Nowakowski;2
25;Piotr;Kamiński;1
26;Tadeusz;Nowicki;2
27;Teresa;Król;1
28;Maria;Stępień;3
29;Stanisław;Wiśniewski;1
30;Mikołaj;Olszewski;2
