id;first_name;last_name;class_id
1;Oliwia;Jabłońska;1
2;Jacek;Jankowski;3
3;Zofia;Wróblewska;1
4;Marta;Grabowska;3
5;Paweł;Nowakowski;2
6;Kacper;Stępień;3
7;Patryk;Wojciechowski;1
8;Joanna;Kowalska;3
9;Wojciech;Zając;3
10;Piotr;Jankowski;2
11;Rafał;Wróbel;3
12;Aleksandra;Michalska;1
13;Emilia;Kwiatkowska;2
14;Wiktoria;Sadowska;2
15;Wojciech;Pawłowski;1
16;Jadwiga;Kozłowska;2
17;Zofia;Krawczyk;3
18;Patryk;Król;1
19;Marcin;Szymański;3
20;Mariusz;Nowak;1
21;Maria;Król;1
22;Katarzyna;Chmielewska;3
23;Adam;Szymański;2
24;Elżbieta;Mazur;2
25;Mariusz;Wiśniewski;2
26;Beata;Grabowska;2
27;Natalia;Kamińska;1
28;Filip;Nowakowski;1
29;Zofia;Nowicka;3
30;Jadwiga;Zielińska;1
