id;first_name;last_name;class_id
1;Adam;Kamiński;2
2;Tomasz;Jabłoński;2
3;Jerzy;Kaczmarek;2
4;Helena;Kowalska;2
5;Dariusz;Piotrowski;2
6;Michał;Kwiatkowski;1
7;Tomasz;Sikora;1
8;Adam;Wilk;2
9;Filip;Nowicki;3
10;Magdalena;Woźniak;1
11;Monika;Grabowska;1
12;Katarzyna;Kamińska;1
13;Magdalena;Sawicka;3
14;Damian;Zieliński;1
15;Kacper;Pawlak;2
16;Agnieszka;Krawczyk;1
17;Maria;Michalska;2
18;Robert;Wojciechowski;1
19;Rafał;Kowalski;1
20;Andrzej;Zieliński;3
21;Teresa;Kwiatkowska;2
22;Amelia;Krawczyk;2
23;Marcin;Zając;3
24;Damian;Piotrowski;2
25;Bartosz;Olszewski;2
26;Agnieszka;Lis;2
27;Andrzej;Lewandowski;2
28;Stanisław;Wójcik;3
29;Łukasz;Kwiatkowski;1
30;Elżbieta;Adamczyk;1
