id;first_name;last_name;class_id
1;Wiktoria;Sadowska;2
2;Zuzanna;Pawłowska;2
3;Monika;Lis;2
4;Ewa;Nowakowska;3
5;Kacper;Zieliński;1
6;Jadwiga;Pawłowska;1
7;Grzegorz;Nowakowski;1
8;Józef;Piotrowski;1
9;Patryk;Piotrowski;2
10;Julia;Majewska;1
11;Katarzyna;Górska;2
12;Jerzy;Olszewski;3
13;Stanisław;Kamiński;3
14;Michał;Wojciechowski;3
15;Dariusz;Jaworski;2
16;Agnieszka;Adamczyk;3
17;Józef;Wójcik;1
18;Jan;Wróbel;1
19;Józef;Nowak;1
20;Jan;Krawczyk;1
21;Emilia;Baranowska;1
22;Michał;Kwiatkowski;3
23;Barbara;Majewska;2
24;Monika;Jabłońska;3
25;Bartosz;Dudek;1
26;Robert;Krawczyk;2
27;Paweł;Zając;1
28;Oliwia;Woźniak;1
29;Sebastian;Wieczorek;1
30;Andrzej;Grabowski;3
