id;first_name;last_name;class_id
1;Rafał;Król;3
2;Maria;Nowicka;3
3;Krzysztof;Zieliński;2
4;Zbigniew;Pawlak;1
5;Tomasz;Kowalczyk;3
6;Marta;Czarnecka;3
7;Elżbieta;Baranowska;2
8;Joanna;Jankowska;2
9;Grzegorz;Nowicki;2
10;Tomasz;Nowakowski;3
11;Anna;Jabłońska;1
12;Ewa;Wieczorek;1
13;Paweł;Walczak;2
14;Józef;Nowicki;2
15;Barbara;Michalska;3
16;Marcin;Lewandowski;3
17;Natalia;Nowicka;2
18;Jadwiga;Mazur;1
19;Ewa;Nowakowska;2
20;Bartosz;Szymański;3
21;Zofia;Sawicka;3
22;Krzysztof;Kozłowski;3
23;Małgorzata;Jankowska;2
24;Małgorzata;Dąbrowska;2
25;Mateusz;Michalski;2
26;Piotr;Pawłowski;1
27;Kamil;Kozłowski;1
28;Adam;Woźniak;1
29;Michał;Dudek;3
30;Monika;Bąk;3
