id;first_name;last_name;class_id
1;Helena;Wróblewska;3
2;Elżbieta;Woźniak;3
3;Michał;Wieczorek;2
4;Mariusz;Woźniak;3
5;Tadeusz;Kowalczyk;3
6;Magdalena;Nowakowska;2
7;Maria;Wieczorek;2
8;Filip;Kozłowski;2
9;Anna;Pawłowska;1
10;Jerzy;Kwiatkowski;1
11;Wojciech;Wójcik;1
12;Marcin;Woźniak;2
13;Małgorzata;Czarnecka;2
14;Mikołaj;Kozłowski;3
15;Jacek;Lewandowski;2
16;Jolanta;Rutkowska;3
17;Maria;Kamińska;1
18;Katarzyna;Sikorska;3
19;Julia;Sikorska;3
20;Anna;Wójcik;2
21;Szymon;Adamczyk;3
22;Jan;Piotrowski;3
23;Marcin;Jankowski;3
24;Natalia;Kowalska;2
25;Dariusz;Lewandowski;3
26;Małgorzata;Krawczyk;2
27;Elżbieta;Nowicka;3
28;Katarzyna;Woźniak;3
29;Sebastian;Stępień;1
30;Aleksandra;Rutkowska;2
