id;first_name;last_name;class_id
1;Katarzyna;Krawczyk;1
2;Filip;Michalski;3
3;Barbara;Kaczmarek;1
4;Beata;Pawłowska;3
5;Małgorzata;Stępień;1
6;Grzegorz;Jabłoński;1
7;Bartosz;Jaworski;3
8;Michał;Michalski;2
9;Tadeusz;Kamiński;1
10;Laura;Wieczorek;3
11;Jan;Lewandowski;2
12;Teresa;Olszewska;3
13;Damian;Dąbrowski;2
14;Tomasz;Kowalski;2
15;Beata;Górska;1
16;Maja;Grabowska;2
17;Helena;Wróblewska;2
18;Robert;Król;2
19;Oliwia;Michalska;2
20;Barbara;Adamczyk;3
21;Stanisław;Pawlak;1
22;Zofia;Wiśniewska;2
23;Grzegorz;Lewandowski;1
24;Robert;Pawlak;3
25;Helena;Woźniak;3
26;Filip;Wilk;2
27;Barbara;Lewandowska;2
28;Marcin;Kaczmarek;2
29;Maja;Kaczmarek;2
30;Ewa;Bąk;1
