id;first_name;last_name;class_id
1;Adam;Kaczmarek;2
2;Zuzanna;Chmielewska;2
3;Paweł;Nowicki;3
4;Julia;Król;1
5;Laura;Michalska;2
6;Maria;Nowakowska;2
7;Halina;Bąk;2
8;Jadwiga;Stępień;3
9;Marek;Pawlak;1
10;Marek;Krawczyk;2
11;Wiktoria;Krawczyk;2
12;Agnieszka;Bąk;3
13;Patrycja;Adamczyk;3
14;Oliwia;Czarnecka;2
15;Monika;Olszewska;2
16;Maria;Wiśniewska;1
17;Małgorzata;Zielińska;3
18;Wiktoria;Wieczorek;1
19;Barbara;Lewandowska;3
20;Aleksandra;Kwiatkowska;2
21;Andrzej;Majewski;2
22;Adam;Kozłowski;2
23;Julia;Sawicka;3
24;Natalia;Kwiatkowska;2
25;Kacper;Stępień;1
26;Ewa;Woźniak;3
27;Piotr;Pawłowski;1
28;Janina;Sadowska;3
29;Piotr;Jaworski;1
30;Bartosz;Jabłoński;3
