id;first_name;last_name;class_id
1;Aleksandra;Jankowska;3
2;Marek;Krawczyk;1
3;Magdalena;Zielińska;2
4;Mariusz;Kamiński;1
5;Emilia;Adamczyk;3
6;Tadeusz;Wróbel;3
7;Adam;Kamiński;2
8;Julia;Chmielewska;3
9;Beata;Kaczmarek;2
10;Kacper;Wójcik;2
11;Kacper;Szymański;1
12;Wiktoria;Mazur;2
13;Rafał;Kwiatkowski;1
14;Amelia;Pawłowska;3
15;Filip;Dudek;3
16;Tomasz;Wieczorek;1
17;Emilia;Woźniak;2
18;Bartosz;Walczak;2
19;Magdalena;Kwiatkowska;2
20;Laura;Grabowska;2
21;Natalia;Michalska;3
22;Maria;Bąk;2
23;Paweł;Walczak;1
24;Julia;Malinowska;1
25;Jacek;Jankowski;1
26;Dariusz;Kwiatkowski;3
27;Zbigniew;Kaczmarek;1
28;Filip;Kaczmarek;1
29;Tadeusz;Jaworski;3
30;Patryk;Lewandowski;1
