id;first_name;last_name;class_id
1;Magdalena;Rutkowska;2
2;Amelia;Olszewska;3
3;Marcin;Dąbrowski;2
4;Piotr;Grabowski;1
5;Anna;Wójcik;2
6;Robert;Adamczyk;1
7;Szymon;Stępień;3
8;Julia;Olszewska;2
9;Damian;Pawlak;3
10;Damian;Mazur;2
11;Marta;Baranowska;3
12;Barbara;Król;3
13;Aleksandra;Sikorska;2
14;Mateusz;Jankowski;1
15;Filip;Pawlak;2
16;Jacek;Kozłowski;2
17;Jerzy;Grabowski;3
18;Patrycja;Grabowska;1
19;Maja;Sawicka;2
20;Ewa;Bąk;3
21;Mateusz;Kowalczyk;1
22;Marcin;Adamczyk;1
23;Magdalena;Sadowska;1
24;Irena;Jabłońska;3
25;Szymon;Walczak;2
26;Wiktoria;Jabłońska;3
27;Jerzy;Walczak;2
28;Agnieszka;Michalska;1
29;Sebastian;Malinowski;2
30;Łukasz;Wróbel;3
