id;first_name;last_name;class_id
1;Damian;Kamiński;1
2;Bartosz;Krawczyk;1
3;Beata;Wróblewska;2
4;Beata;Nowakowska;1
5;Emilia;Olszewska;3
6;Beata;Kwiatkowska;1
7;Jolanta;Lis;3
8;Damian;Malinowski;1
9;Emilia;Sikorska;1
10;Jacek;Kaczmarek;3
11;Magdalena;Stępień;2
12;Kamil;Michalski;2
13;Grzegorz;Kaczmarek;2
14;Monika;Król;1
15;Maria;Wróblewska;2
16;Marcin;Kozłowski;2
17;Kamil;Pawłowski;3
18;Laura;Jankowska;2
19;Elżbieta;Majewska;1
20;Sebastian;Piotrowski;3
21;Andrzej;Jabłoński;1
22;Emilia;Adamczyk;3
23;Amelia;Adamczyk;1
24;Jadwiga;Wiśniewska;3
25;Zofia;Wróblewska;3
26;Damian;Jaworski;1
27;Jacek;Wilk;3
28;Grzegorz;Nowakowski;1
29;Marta;Jankowska;2
30;Jacek;Zieliński;1
