id;first_name;last_name;class_id
1;Marek;Kowalski;2
2;Stanisław;Nowakowski;2
3;Andrzej;Szymański;3
4;Mariusz;Kowalski;3
5;Stanisław;Majewski;2
6;Małgorzata;Adamczyk;3
7;Helena;Woźniak;3
8;Zbigniew;Lewandowski;3
9;Bartosz;Wiśniewski;2
10;Paweł;Nowicki;2
11;Filip;Majewski;1
12;Szymon;Zieliński;1
13;Mateusz;Zając;3
14;Halina;Wiśniewska;2
15;Janina;Pawłowska;3
16;Zofia;Kamińska;2
17;Patrycja;Krawczyk;2
18;Mariusz;Jabłoński;2
19;Andrzej;Kaczmarek;3
20;Małgorzata;Sadowska;3
21;Oliwia;Malinowska;2
22;Janina;Baranowska;3
23;Adam;Jabłoński;1
24;Elżbieta;Jankowska;1
25;Monika;Kowalska;1
26;Teresa;Zielińska;1
27;Amelia;Krawczyk;2
28;Michał;Walczak;1
29;Sebastian;Król;1
30;Tomasz;Woźniak;2
