id;first_name;last_name;class_id
1;Katarzyna;Olszewska;2
2;Piotr;Michalski;2
3;Michał;Krawczyk;3
4;Marek;Wróbel;2
5;Mikołaj;Szymański;1
6;Damian;Olszewski;2
7;Halina;Stępień;3
8;Agnieszka;Woźniak;1
9;Aleksandra;Malinowska;2
10;Helena;Kwiatkowska;1
11;Amelia;Nowicka;1
12;Zofia;Stępień;3
13;Halina;Nowakowska;3
14;Mariusz;Grabowski;2
15;Jerzy;Olszewski;2
16;Laura;Piotrowska;1
17;Szymon;Kaczmarek;3
18;Jerzy;Nowicki;1
19;Jolanta;Król;1
20;Krzysztof;Kaczmarek;2
21;Małgorzata;Król;2
22;Jacek;Pawlak;1
23;Michał;Olszewski;1
24;Helena;Pawłowska;2
25;Aleksandra;Majewska;2
26;Zbigniew;Olszewski;1
27;Aleksandra;Majewska;2
28;Szymon;Król;1
29;Józef;Jaworski;1
30;Krzysztof;Grabowski;2
