id;first_name;last_name;class_id
1;Maria;Piotrowska;2
2;Jacek;Mazur;1
3;Wojciech;Kowalczyk;1
4;Emilia;Malinowska;1
5;Emilia;Jankowska;2
6;Wojciech;Kowalczyk;2
7;Robert;Michalski;3
8;Wojciech;Zieliński;3
9;Patryk;Jabłoński;1
10;Maria;Mazur;3
11;Piotr;Lewandowski;2
12;Jan;Lewandowski;1
13;Maria;Mazur;1
14;Janina;Górska;2
15;Jolanta;Olszewska;2
16;Barbara;Jankowska;3
17;Szymon;Mazur;2
18;Zofia;Grabowska;1
19;Tomasz;Szymański;2
20;Robert;Zieliński;1
21;Julia;Piotrowska;1
22;Barbara;Sawicka;2
23;Amelia;Wiśniewska;3
24;Marcin;Nowakowski;3
25;Filip;Wojciechowski;3
26;Joanna;Nowicka;3
27;Kamil;Wiśniewski;3
28;Zofia;Olszewska;1
29;Józef;Wojciechowski;2
30;Dariusz;Wiśniewski;3
