id;first_name;last_name;class_id
1;Barbara;Olszewska;2
2;Łukasz;Szymański;2
3;Magdalena;Wróblewska;3
4;Patrycja;Baranowska;1
5;Patrycja;Górska;1
6;Zofia;Sawicka;1
7;Janina;Majewska;1
8;Dariusz;Nowicki;3
9;Krzysztof;Piotrowski;2
10;Irena;Czarnecka;3
11;Agnieszka;Olszewska;2
12;Patryk;Wiśniewski;3
13;Janina;Adamczyk;1
14;Wiktoria;Chmielewska;1
15;Irena;Jabłońska;2
16;Jacek;Mazur;3
17;Julia;Kamińska;1
18;Helena;Pawłowska;2
19;Patryk;Wójcik;2
20;Mikołaj;Kamiński;3
21;Marek;Kozłowski;1
22;Beata;Kaczmarek;1
23;Helena;Sawicka;2
24;Aleksandra;Bąk;1
25;Amelia;Nowicka;3
26;Paweł;Majewski;2
27;Julia;Górska;3
28;Zofia;Olszewska;3
29;Amelia;Wieczorek;3
30;Tomasz;Nowicki;2
