id;first_name;last_name;class_id
1;Marek;Stępień;1
2;Mikołaj;Szymański;1
3;Zofia;Nowicka;1
4;Krzysztof;Dąbrowski;3
5;Marek;Kamiński;2
6;Tadeusz;Szymański;3
7;Adam;Wójcik;3
8;Krzysztof;Sikora;3
9;Beata;Nowakowska;3
10;Amelia;Czarnecka;1
11;Andrzej;Mazur;2
12;Zuzanna;Adamczyk;3
13;Andrzej;Dąbrowski;3
14;Paweł;Michalski;1
15;Aleksandra;Górska;1
16;Barbara;Pawłowska;1
17;Amelia;Stępień;1
18;Patryk;Zieliński;2
19;Helena;Szymańska;2
20;Mikołaj;Krawczyk;2
21;Bartosz;Dudek;2
22;Natalia;Chmielewska;2
23;Adam;Malinowski;1
24;Joanna;Sawicka;3
25;Piotr;Nowak;2
26;Janina;Kozłowska;2
27;Robert;Krawczyk;2
28;Wiktoria;Sawicka;2
29;Dariusz;Szymański;3
30;Michał;Nowak;2
