id;first_name;last_name;class_id
1;Jadwiga;Jabłońska;3
2;Joanna;Lis;2
3;Damian;Wojciechowski;3
4;Patrycja;Górska;1
5;Elżbieta;Sikorska;3
6;Tomasz;Kamiński;3
7;Julia;Sadowska;2
8;Marek;Sikora;3
9;Mateusz;Dąbrowski;1
10;Filip;Kozłowski;3
11;Jolanta;Baranowska;1
12;Grzegorz;Mazur;1
13;Natalia;Wieczorek;1
14;Teresa;Nowakowska;1
15;Dariusz;Wojciechowski;3
16;Dariusz;Olszewski;3
17;Grzegorz;Sikora;2
18;Patryk;Michalski;3
19;Krzysztof;Szymański;1
20;Krzysztof;Wieczorek;3
21;Patryk;Krawczyk;2
22;Monika;Piotrowska;2
23;Barbara;Chmielewska;2
24;Małgorzata;Król;3
25;Stanisław;Mazur;3
26;Bartosz;Pawlak;1
27;Barbara;Nowicka;1
28;Irena;Kwiatkowska;2
29;Wojciech;Dudek;2
30;Laura;Kamińska;3
