id;first_name;last_name;class_id
1;Anna;Sadowska;1
2;Beata;Malinowska;2
3;Patrycja;Nowicka;2
4;Zofia;Sikorska;3
5;Andrzej;Wilk;1
6;Michał;Zając;1
7;Józef;Szymański;1
8;Agnieszka;Król;3
9;Dorota;Kozłowska;3
10;Jacek;Sikora;1
11;Grzegorz;Nowicki;3
12;Bartosz;Grabowski;1
13;Julia;Nowicka;1
14;Michał;Kamiński;3
15;Rafał;Jaworski;2
16;Sebastian;Jankowski;3
17;Agnieszka;Jankowska;2
18;Maja;Krawczyk;3
19;Wiktoria;Nowakowska;3
20;Rafał;Adamczyk;1
21;Patrycja;Kaczmarek;2
22;Dariusz;Wójcik;2
23;Amelia;Górska;2
24;Sebastian;Sikora;1
25;Janina;Szymańska;2
26;Janina;Baranowska;1
27;Łukasz;Jabłoński;2
28;Dariusz;Szymański;3
29;Krzysztof;Pawlak;3
30;Katarzyna;Lewandowska;3
