id;first_name;last_name;class_id
1;Paweł;Jaworski;3
2;Józef;Zieliński;3
3;Barbara;Wójcik;2
4;Szymon;Zając;2
5;Bartosz;Wojciechowski;3
6;Maria;Sikorska;1
7;Jolanta;Woźniak;3
8;Damian;Nowakowski;2
9;Krzysztof;Kaczmarek;1
10;Dorota;Jabłońska;3
11;Kacper;Krawczyk;3
12;Kamil;Pawlak;2
13;Tomasz;Malinowski;3
14;Irena;Krawczyk;1
15;Kamil;Nowicki;2
16;Oliwia;Krawczyk;3
17;Grzegorz;Król;1
18;Oliwia;Nowakowska;3
19;Natalia;Jankowska;3
20;Mikołaj;Walczak;2
21;Patryk;Kowalczyk;3
22;Kacper;Nowakowski;1
23;Andrzej;Jabłoński;1
24;Natalia;Górska;2
25;Jolanta;Górska;2
26;Marek;Król;2
27;Agnieszka;Jabłońska;3
28;Agnieszka;Kwiatkowska;1
29;Laura;Bąk;3
30;Elżbieta;Jankowska;3
