id;first_name;last_name;class_id
1;Małgorzata;Czarnecka;3
2;Aleksandra;Piotrowska;3
3;Janina;Stępień;2
4;Wojciech;Kwiatkowski;3
5;Zuzanna;Kaczmarek;2
6;Beata;Dąbrowska;2
7;Sebastian;Pawlak;3
8;Stanisław;Olszewski;1
9;Józef;Kowalski;3
10;Patryk;Nowak;2
11;Amelia;Wieczorek;1
12;Amelia;Wróblewska;1
13;Mikołaj;Zając;2
14;Kamil;Zając;3
15;Szymon;Wróbel;3
16;Sebastian;Nowicki;3
17;Beata;Kamińska;3
18;Bartosz;Wilk;1
19;Laura;Stępień;3
20;Tadeusz;Adamczyk;3
21;Natalia;Krawczyk;2
22;Jan;Szymański;2
23;Marta;Bąk;1
24;Laura;Krawczyk;1
25;Tadeusz;Pawłowski;2
26;Andrzej;Kamiński;3
27;Damian;Stępień;1
28;Oliwia;Wójcik;3
29;Patrycja;Sadowska;3
30;Dorota;Wójcik;2
