id;first_name;last_name;class_id
1;Jan;Adamczyk;3
2;Zbigniew;Dudek;2
3;Krzysztof;Nowicki;1
4;Maja;Zielińska;1
5;Wiktoria;Adamczyk;1
6;Oliwia;Górska;2
7;Bartosz;Kozłowski;1
8;Małgorzata;Nowakowska;3
9;Aleksandra;Szymańska;1
10;Mateusz;Adamczyk;2
11;Teresa;Górska;3
12;Maja;Chmielewska;3
13;Jerzy;Woźniak;2
14;Kamil;Król;3
15;Joanna;Kowalska;3
16;Stanisław;Malinowski;3
17;Katarzyna;Król;3
18;Jacek;Kowalski;3
19;Wiktoria;Sawicka;3
20;Jan;Nowak;3
21;Helena;Wiśniewska;2
22;Zuzanna;Pawłowska;2
23;Sebastian;Kozłowski;2
24;Amelia;Szymańska;1
25;Magdalena;Wieczorek;3
26;Grzegorz;Olszewski;2
27;Stanisław;Walczak;3
28;Marcin;Lewandowski;2
29;Anna;Król;1
30;Michał;Kwiatkowski;2
