id;first_name;last_name;class_id
1;Paweł;Jaworski;1
2;Jan;Dudek;1
3;Szymon;Piotrowski;2
4;Maja;Lewandowska;1
5;Paweł;Olszewski;1
6;Wojciech;Malinowski;2
7;Anna;Wiśniewska;3
8;Jan;Mazur;2
9;Andrzej;Michalski;1
10;Grzegorz;Wójcik;1
11;Mateusz;Wróbel;2
12;Marek;Grabowski;2
13;Paweł;Nowicki;1
14;Jolanta;Jabłońska;2
15;Emilia;Pawłowska;2
16;Beata;Chmielewska;2
17;Łukasz;Król;3
18;Emilia;Michalska;3
19;Jerzy;Kamiński;2
20;Bartosz;Wojciechowski;1
21;Marta;Adamczyk;1
22;Filip;Szymański;1
23;Natalia;Szymańska;1
24;Kamil;Pawłowski;1
25;Natalia;Sawicka;3
26;Marek;Wójcik;3
27;Emilia;Woźniak;1
28;Barbara;Wiśniewska;2
29;Zbigniew;Walczak;3
30;Michał;Malinowski;3
