id;first_name;last_name;class_id
1;Barbara;Jankowska;3
2;Jan;Walczak;1
3;Irena;Górska;3
4;Patrycja;Górska;3
5;Katarzyna;Stępień;3
6;Wiktoria;Dąbrowska;3
7;Joanna;Sawicka;2
8;Mateusz;Sikora;1
9;Jadwiga;Adamczyk;2
10;Krzysztof;Krawczyk;1
11;Mateusz;Król;3
12;Kamil;Krawczyk;3
13;Joanna;Kaczmarek;1
14;Aleksandra;Jabłońska;3
15;Teresa;Zielińska;3
16;Zofia;Dąbrowska;2
17;Oliwia;Malinowska;1
18;Teresa;Nowakowska;3
19;Szymon;Dąbrowski;2
20;Krzysztof;Dąbrowski;3
21;Maja;Baranowska;2
22;Michał;Wójcik;3
23;Anna;Kwiatkowska;1
24;Zuzanna;Malinowska;2
25;Łukasz;Piotrowski;3
26;Beata;Wieczorek;3
27;Janina;Wróblewska;2
28;Marta;Krawczyk;3
29;Jolanta;Sikorska;3
30;Magdalena;Malinowska;2
