id;first_name;last_name;class_id
1;Emilia;Szymańska;2
2;Kamil;Michalski;3
3;Szymon;Kwiatkowski;2
4;Marta;Nowicka;1
5;Oliwia;Górska;1
6;Krzysztof;Stępień;3
7;Mateusz;Walczak;2
8;Bartosz;Zieliński;1
9;Robert;Wiśniewski;2
10;Maja;Dąbrowska;1
11;Wiktoria;Baranowska;2
12;Maria;Stępień;2
13;Halina;Grabowska;1
14;Piotr;Sikora;2
15;Bartosz;Wojciechowski;2
16;Michał;Wiśniewski;2
17;Mariusz;Mazur;2
18;Andrzej;Michalski;1
19;Małgorzata;Pawłowska;2
20;Ewa;Kowalska;3
21;Marcin;Dąbrowski;2
22;Dorota;Górska;2
23;Michał;Kozłowski;2
24;Wiktoria;Piotrowska;3
25;Kacper;Kowalczyk;3
26;Jacek;Dąbrowski;2
27;Ewa;Krawczyk;1
28;Teresa;Jabłońska;1
29;Halina;Kamińska;1
30;Teresa;Mazur;3
