id;first_name;last_name;class_id
1;Aleksandra;Sikorska;3
2;Helena;Michalska;1
3;Mateusz;Zając;1
4;Filip;Nowakowski;1
5;Laura;Olszewska;3
6;Anna;Sadowska;1
7;Rafał;Dudek;1
8;Wojciech;Wieczorek;3
9;Aleksandra;Rutkowska;2
10;Janina;Bąk;2
11;Patrycja;Mazur;3
12;Julia;Kozłowska;1
13;Zofia;Adamczyk;1
14;Adam;Wojciechowski;2
15;Irena;Lewandowska;2
16;Janina;Kaczmarek;2
17;Julia;Olszewska;2
18;Katarzyna;Malinowska;3
19;Marek;Wójcik;2
20;Józef;Nowakowski;2
21;Dorota;Majewska;2
22;Jacek;Nowakowski;3
23;Adam;Szymański;3
24;Marcin;Jaworski;3
25;Teresa;Kaczmarek;3
26;Andrzej;Kowalczyk;1
27;Amelia;Sadowska;3
28;Wiktoria;Nowakowska;2
29;Michał;Majewski;1
30;Józef;Zieliński;3
