id;first_name;last_name;class_id
1;Mariusz;Zając;1
2;Wojciech;Walczak;2
3;Piotr;Zając;3
4;Michał;Krawczyk;2
5;Teresa;Majewska;1
6;Kacper;Sikora;1
7;Maja;Sikorska;2
8;Michał;Kowalski;1
9;Jadwiga;Wójcik;3
10;Janina;Lis;2
11;Anna;Grabowska;1
12;Szymon;Kwiatkowski;1
13;Dariusz;Krawczyk;2
14;Zuzanna;Malinowska;2
15;Elżbieta;Baranowska;1
16;Irena;Stępień;2
17;Anna;Sawicka;3
18;Piotr;Zieliński;3
19;Tomasz;Jankowski;1
20;Patryk;Piotrowski;3
21;Krzysztof;Jaworski;1
22;Mateusz;Jankowski;1
23;Maja;Kozłowska;3
24;Łukasz;Król;3
25;Magdalena;Wróblewska;3
26;Stanisław;Malinowski;3
27;Zofia;Kaczmarek;1
28;Jan;Grabowski;1
29;Magdalena;Jabłońska;1
30;Oliwia;Górska;3
