id;first_name;last_name;class_id
1;Joanna;Kozłowska;2
2;Jadwiga;Zielińska;2
3;Patryk;Kamiński;1
4;Jolanta;Stępień;2
5;Adam;Dudek;1
6;Tomasz;Majewski;3
7;Andrzej;Dudek;3
8;Magdalena;Wróblewska;1
9;Damian;Woźniak;2
10;Sebastian;Kamiński;3
11;Monika;Wieczorek;1
12;Damian;Wieczorek;1
13;Adam;Dudek;2
14;Sebastian;Mazur;3
15;Magdalena;Adamczyk;3
16;Elżbieta;Wiśniewska;3
17;Piotr;Król;2
18;Wojciech;Lewandowski;3
19;Ewa;Sawicka;2
20;Dorota;Piotrowska;1
21;Patrycja;Piotrowska;1
22;Damian;Wiśniewski;1
23;Patryk;Kaczmarek;3
24;Wojciech;Szymański;2
25;Andrzej;Sikora;2
26;Zbigniew;Nowicki;3
27;Wiktoria;Adamczyk;1
28;Filip;Nowicki;1
29;Helena;Kaczmarek;1
30;Julia;Krawczyk;2
