id;first_name;last_name;class_id
1;Irena;Kaczmarek;1
2;Paweł;Jaworski;3
3;Irena;Sikorska;2
4;Sebastian;Wiśniewski;3
5;Marcin;Grabowski;2
6;Zofia;Dąbrowska;1
7;Dorota;Jankowska;1
8;Damian;Zieliński;1
9;Monika;Bąk;2
10;Emilia;Kowalska;1
11;Józef;Mazur;1
12;Patryk;Mazur;2
13;Halina;Mazur;1
14;Filip;Wieczorek;3
15;Jolanta;Wróblewska;2
16;Adam;Majewski;1
17;Marek;Majewski;1
18;Piotr;Wieczorek;3
19;Jan;Wojciechowski;1
20;Janina;Wieczorek;2
21;Emilia;Baranowska;2
22;Dariusz;Zieliński;2
23;Zbigniew;Jankowski;2
24;Barbara;Krawczyk;2
25;Marta;Nowicka;3
26;Jadwiga;Dąbrowska;1
27;Marcin;Stępień;2
28;Emilia;Wójcik;2
29;Monika;Kamińska;3
30;Małgorzata;Wieczorek;1
