id;first_name;last_name;class_id
1;Dariusz;Zieliński;3
2;Marta;Wójcik;2
3;Tomasz;Kowalczyk;2
4;Zuzanna;Michalska;3
5;Magdalena;Jabłońska;3
6;Marcin;Pawłowski;2
7;Kamil;Michalski;1
8;Tomasz;Zieliński;3
9;Elżbieta;Lis;1
10;Aleksandra;Kwiatkowska;1
11;Mariusz;Kamiński;1
12;Marcin;Wiśniewski;3
13;Joanna;Majewska;1
14;Filip;Olszewski;2
15;Krzysztof;Malinowski;3
16;Janina;Michalska;3
17;Zuzanna;Lis;3
18;Józef;Lewandowski;1
19;Mariusz;Kowalczyk;1
20;Jacek;Król;3
21;Amelia;Jankowska;2
22;Robert;Kowalczyk;3
23;Mariusz;Stępień;2
24;Tomasz;Kowalski;1
25;Wojciech;Walczak;3
26;Kacper;Jabłoński;1
27;Marcin;Mazur;1
28;Mariusz;Adamczyk;1
29;Maria;Majewska;3
30;Marek;Majewski;1
