id;first_name;last_name;class_id
1;Michał;Wojciechowski;1
2;Dorota;Wiśniewska;1
3;Patryk;Kowalski;1
4;Marek;Grabowski;1
5;Agnieszka;Szymańska;2
6;Amelia;Pawłowska;1
7;Jacek;Adamczyk;3
8;Tadeusz;Sikora;1
9;Dorota;Jabłońska;1
10;Tadeusz;Nowicki;2
11;Anna;Olszewska;1
12;Oliwia;Lis;2
13;Laura;Wieczorek;3
14;Jolanta;Górska;2
15;Katarzyna;Rutkowska;2
16;Paweł;Grabowski;3
17;Zuzanna;Grabowska;3
18;Piotr;Pawlak;1
19;Michał;Nowakowski;3
20;Aleksandra;Baranowska;2
21;Joanna;Wieczorek;1
22;Jolanta;Jabłońska;1
23;Julia;Olszewska;3
24;Józef;Piotrowski;1
25;Dariusz;Majewski;2
26;Jolanta;Michalska;2
27;Ewa;Majewska;2
28;Jadwiga;Wieczorek;2
29;Jolanta;Sikorska;2
30;Joanna;Król;3
