id;first_name;last_name;class_id
1;Mikołaj;Kamiński;3
2;Teresa;Bąk;2
3;Magdalena;Wróblewska;3
4;Jadwiga;Baranowska;1
5;Magdalena;Zielińska;1
6;Wiktoria;Piotrowska;2
7;Emilia;Kowalska;2
8;Robert;Woźniak;3
9;Jadwiga;Lewandowska;2
10;Kamil;Wróbel;1
11;Dorota;Rutkowska;3
12;Stanisław;Stępień;3
13;Laura;Lewandowska;2
14;Krzysztof;Wróbel;2
15;Szymon;Kowalczyk;2
16;Stanisław;Majewski;1
17;Piotr;Nowicki;2
18;Bartosz;Grabowski;3
19;Julia;Piotrowska;3
20;Szymon;Malinowski;3
21;Krzysztof;Lewandowski;2
22;Dariusz;Zieliński;3
23;Mateusz;Michalski;1
24;Teresa;Król;3
25;Jolanta;Kamińska;2
26;Laura;Król;2
27;Natalia;Mazur;2
28;Tomasz;Jaworski;3
29;Laura;Kamińska;3
30;Mateusz;Wieczorek;2
