id;first_name;last_name;class_id
1;Rafał;Malinowski;3
2;Dariusz;Wilk;2
3;Bartosz;Wojciechowski;2
4;Patrycja;Mazur;3
5;Sebastian;Król;1
6;Zuzanna;Jabłońska;2
7;Ewa;Krawczyk;3
8;Zofia;Piotrowska;1
9;Mikołaj;Wiśniewski;1
10;Dorota;Szymańska;1
11;Łukasz;Malinowski;3
12;Łukasz;Grabowski;1
13;Józef;Krawczyk;1
14;Bartosz;Pawlak;3
15;Stanisław;Szymański;3
16;Szymon;Sikora;3
17;Filip;Dudek;2
18;Irena;Grabowska;3
19;Mikołaj;Kowalczyk;3
20;Ewa;Sikorska;1
21;Halina;Majewska;3
22;Jacek;Piotrowski;3
23;Patrycja;Chmielewska;2
24;Zofia;Kamińska;1
25;Tomasz;Malinowski;2
26;Patryk;Mazur;3
27;Halina;Nowicka;3
28;Zbigniew;Wieczorek;1
29;Jadwiga;Pawłowska;1
30;Tomasz;Olszewski;2
