id;first_name;last_name;class_id
1;Sebastian;Dąbrowski;3
2;Łukasz;Król;3
3;Amelia;Michalska;1
4;Halina;Adamczyk;2
5;Aleksandra;Grabowska;2
6;Jolanta;Czarnecka;3
7;Jacek;Walczak;3
8;Mikołaj;Wróbel;1
9;Jan;Wilk;1
10;Zofia;Czarnecka;3
11;Mikołaj;Mazur;2
12;Dorota;Górska;1
13;Marcin;Sikora;2
14;Anna;Wróblewska;3
15;Joanna;Sikorska;2
16;Jacek;Wróbel;2
17;Anna;Jabłońska;1
18;Patryk;Kozłowski;1
19;Stanisław;Król;1
20;Grzegorz;Jaworski;2
21;Grzegorz;Zieliński;3
22;Marcin;Jaworski;3
23;Piotr;Zając;3
24;Krzysztof;Wieczorek;2
25;Halina;Woźniak;1
26;Aleksandra;Kozłowska;3
27;Emilia;Nowakowska;1
28;Halina;Jabłońska;3
29;Marta;Adamczyk;1
30;Zuzanna;Jankowska;3
