id;first_name;last_name;class_id
1;Teresa;Czarnecka;2
2;Jacek;Pawłowski;1
3;Beata;Kaczmarek;2
4;Amelia;Krawczyk;2
5;Jan;Michalski;1
6;Maja;Król;1
7;Tadeusz;Kozłowski;3
8;Sebastian;Kozłowski;3
9;Grzegorz;Majewski;3
10;Kamil;Krawczyk;3
11;Barbara;Chmielewska;1
12;Natalia;Sawicka;1
13;Kamil;Zieliński;3
14;Łukasz;Kowalski;3
15;Marcin;Nowicki;3
16;Robert;Michalski;2
17;Szymon;Olszewski;3
18;Oliwia;Adamczyk;3
19;Zbigniew;Majewski;1
20;Zbigniew;Walczak;3
21;Julia;Michalska;3
22;Barbara;Mazur;3
23;Teresa;Lis;3
24;Józef;Piotrowski;1
25;Damian;Wróbel;2
26;Krzysztof;Michalski;1
27;Rafał;Kamiński;1
28;Kamil;Wiśniewski;3
29;Natalia;Sawicka;1
30;Julia;Sawicka;2
