id;first_name;last_name;class_id
1;Andrzej;Kamiński;1
2;Natalia;Majewska;3
3;Łukasz;Król;3
4;Julia;Nowicka;2
5;Józef;Sikora;3
6;Marcin;Olszewski;2
7;Tomasz;Lewandowski;2
8;Helena;Kwiatkowska;2
9;Krzysztof;Wilk;1
10;Rafał;Krawczyk;2
11;Joanna;Olszewska;1
12;Zofia;Wieczorek;1
13;Mikołaj;Walczak;2
14;Jan;Kamiński;3
15;Piotr;Szymański;1
16;Zofia;Dąbrowska;3
17;Natalia;Kamińska;3
18;Katarzyna;Sikorska;2
19;Oliwia;Zielińska;3
20;Oliwia;Lewandowska;3
21;Natalia;Kamińska;1
22;Andrzej;Sikora;3
23;Emilia;Michalska;3
24;Joanna;Lewandowska;3
25;Krzysztof;Nowak;3
26;Janina;Piotrowska;1
27;Maria;Wiśniewska;2
28;Patrycja;Grabowska;1
29;Rafał;Wójcik;1
30;Elżbieta;Adamczyk;3
